data;mes;lancamento;categoria;tipo; valor ;fonte;conta_final; pilar_tribalance
2025-09-01;SETEMBRO;ASSAI ATACADISTA LJ300 JOAO PESSOA   BRA;ALIMENTAÇÃO;DESPESA;-R$ 977,90 ;Inter;Corrente;ESSENCIAIS
2025-07-01;JULHO;ASSAI ATACADISTA LJ300 JOAO PESSOA   BRA;ALIMENTAÇÃO;DESPESA;-R$ 455,33 ;Inter;Corrente;ESSENCIAIS
2025-10-07;NOVEMBRO;ASSAI ATACADISTA LJ300 JOAO PESSOA   BRA;ALIMENTAÇÃO;DESPESA;-R$ 421,38 ;Inter;Corrente;ESSENCIAIS
2025-10-01;OUTUBRO;ASSAI ATACADISTA LJ77  JOAO PESSOA   BRA;ALIMENTAÇÃO;DESPESA;-R$ 387,25 ;Inter;Corrente;ESSENCIAIS
2025-05-01;MAIO;ASSAI ATACADISTA LJ300 JOAO PESSOA   BRA;ALIMENTAÇÃO;DESPESA;-R$ 383,71 ;Inter;Corrente;ESSENCIAIS
2025-09-01;SETEMBRO;ASSAI ATACADISTA LJ300 JOAO PESSOA   BRA;ALIMENTAÇÃO;DESPESA;-R$ 382,60 ;Inter;Corrente;ESSENCIAIS
2025-02-01;FEVEREIRO;CARREFOUR JPB 466      JOAO PESSOA   BRA;ALIMENTAÇÃO;DESPESA;-R$ 361,28 ;Inter;Corrente;ESSENCIAIS
2025-01-01;JANEIRO;CARREFOUR JPB 466      JOAO PESSOA   BRA;ALIMENTAÇÃO;DESPESA;-R$ 361,28 ;Inter;Corrente;ESSENCIAIS
2025-09-01;SETEMBRO;CASA    DO BOLO        JOAO PESSOA   BRA;ALIMENTAÇÃO;DESPESA;-R$ 340,00 ;Inter;Corrente;ESSENCIAIS
2025-02-01;FEVEREIRO;REDE DA ECONOMIA       JOAO PESSOA   BRA;ALIMENTAÇÃO;DESPESA;-R$ 305,23 ;Inter;Corrente;ESSENCIAIS
2025-01-01;JANEIRO;REDE DA ECONOMIA       JOAO PESSOA   BRA;ALIMENTAÇÃO;DESPESA;-R$ 305,23 ;Inter;Corrente;ESSENCIAIS
2025-06-01;JUNHO;ASSAI ATACADISTA LJ300 JOAO PESSOA   BRA;ALIMENTAÇÃO;DESPESA;-R$ 290,21 ;Inter;Corrente;ESSENCIAIS
2025-08-01;AGOSTO;Nilvanmasciel          JOAO PESSOA   BRA;ALIMENTAÇÃO;DESPESA;-R$ 250,00 ;Inter;Corrente;ESSENCIAIS
2025-08-01;AGOSTO;ASSAI ATACADISTA LJ300 JOAO PESSOA   BRA;ALIMENTAÇÃO;DESPESA;-R$ 247,15 ;Inter;Corrente;ESSENCIAIS
2025-10-01;OUTUBRO;MsaHospitalar          JOAO PESSOA   BRA;ALIMENTAÇÃO;DESPESA;-R$ 223,50 ;Inter;Corrente;ESSENCIAIS
2025-03-01;MARÇO;MENOR PRECO            JOAO PESSOA   BRA;ALIMENTAÇÃO;DESPESA;-R$ 223,11 ;Inter;Corrente;ESSENCIAIS
2025-06-01;JUNHO;SUPERMERCADO BEM MAIS;ALIMENTAÇÃO;DESPESA;-R$ 213,99 ;Santander;Corrente;ESSENCIAIS
2025-05-01;MAIO;SUPERMERCADO BEM MAIS;ALIMENTAÇÃO;DESPESA;-R$ 213,99 ;Santander;Corrente;ESSENCIAIS
2025-10-17;NOVEMBRO;NAVEGANTES BAR E PETI  JOAO PESSOA   BRA;ALIMENTAÇÃO;DESPESA;-R$ 185,24 ;Inter;Corrente;ESSENCIAIS
2025-02-01;FEVEREIRO;RC COM DE ALIMENTOS    JOAO PESSOA   BRA;ALIMENTAÇÃO;DESPESA;-R$ 181,23 ;Inter;Corrente;ESSENCIAIS
2025-01-01;JANEIRO;RC COM DE ALIMENTOS    JOAO PESSOA   BRA;ALIMENTAÇÃO;DESPESA;-R$ 181,23 ;Inter;Corrente;ESSENCIAIS
2025-02-01;FEVEREIRO;SUPERMERCADO MANAIRA   JOAO PESSOA   BRA;ALIMENTAÇÃO;DESPESA;-R$ 163,44 ;Inter;Corrente;ESSENCIAIS
2025-01-01;JANEIRO;SUPERMERCADO MANAIRA   JOAO PESSOA   BRA;ALIMENTAÇÃO;DESPESA;-R$ 163,44 ;Inter;Corrente;ESSENCIAIS
2025-06-01;JUNHO;ASSAI ATACADISTA LJ300 JOAO PESSOA   BRA;ALIMENTAÇÃO;DESPESA;-R$ 160,97 ;Inter;Corrente;ESSENCIAIS
2025-04-01;ABRIL;REDE DA ECONOMIA       JOAO PESSOA   BRA;ALIMENTAÇÃO;DESPESA;-R$ 158,04 ;Inter;Corrente;ESSENCIAIS
2025-07-01;JULHO;FRANCISCODEAQUINO      JOAO PESSOA   BRA;ALIMENTAÇÃO;DESPESA;-R$ 150,00 ;Inter;Corrente;ESSENCIAIS
2025-04-01;ABRIL;SUPERMERCADO LATORRE   JOAO PESSOA   BRA;ALIMENTAÇÃO;DESPESA;-R$ 147,79 ;Inter;Corrente;ESSENCIAIS
2025-10-10;NOVEMBRO;C  CARNES              JOAO PESSOA   BRA;ALIMENTAÇÃO;DESPESA;-R$ 146,95 ;Inter;Corrente;ESSENCIAIS
2025-10-01;OUTUBRO;MsaHospitalar          JOAO PESSOA   BRA;ALIMENTAÇÃO;DESPESA;-R$ 145,70 ;Inter;Corrente;ESSENCIAIS
2025-09-01;SETEMBRO;SUSHI JIRO             JOAO PESSOA   BRA;ALIMENTAÇÃO;DESPESA;-R$ 143,56 ;Inter;Corrente;ESSENCIAIS
2025-02-01;FEVEREIRO;MsaHospitalar          JOAO PESSOA   BRA;ALIMENTAÇÃO;DESPESA;-R$ 140,14 ;Inter;Corrente;ESSENCIAIS
2025-01-01;JANEIRO;MsaHospitalar          JOAO PESSOA   BRA;ALIMENTAÇÃO;DESPESA;-R$ 140,14 ;Inter;Corrente;ESSENCIAIS
2025-07-01;JULHO;PAO DE ACUCAR 1283     JOAO PESSOA   BRA;ALIMENTAÇÃO;DESPESA;-R$ 139,29 ;Inter;Corrente;ESSENCIAIS
2025-10-05;NOVEMBRO;LH COMERCIO DE ALIMENT JOAO PESSOA   BRA;ALIMENTAÇÃO;DESPESA;-R$ 136,00 ;Inter;Corrente;ESSENCIAIS
2025-02-01;FEVEREIRO;AlexandreRamalho       JOAO PESSOA   BRA;ALIMENTAÇÃO;DESPESA;-R$ 135,00 ;Inter;Corrente;ESSENCIAIS
2025-01-01;JANEIRO;AlexandreRamalho       JOAO PESSOA   BRA;ALIMENTAÇÃO;DESPESA;-R$ 135,00 ;Inter;Corrente;ESSENCIAIS
2025-10-01;OUTUBRO;EXTREMO ORIENTAL;ALIMENTAÇÃO;DESPESA;-R$ 133,48 ;Santander;Corrente;ESSENCIAIS
2025-04-01;ABRIL;ASSAI ATACADISTA LJ300 JOAO PESSOA   BRA;ALIMENTAÇÃO;DESPESA;-R$ 127,56 ;Inter;Corrente;ESSENCIAIS
2025-10-01;OUTUBRO;UMI SUSHI BAR 2        JOAO PESSOA   BRA;ALIMENTAÇÃO;DESPESA;-R$ 125,95 ;Inter;Corrente;ESSENCIAIS
2025-10-25;NOVEMBRO;PAO DE ACUCAR 1283     JOAO PESSOA   BRA;ALIMENTAÇÃO;DESPESA;-R$ 125,24 ;Inter;Corrente;ESSENCIAIS
2025-10-31;NOVEMBRO;CARNES*E*CORTES;ALIMENTAÇÃO;DESPESA;-R$ 125,21 ; Caixa ;Corrente;ESSENCIAIS
2025-04-01;ABRIL;LAGULLA RESTAURANTE;ALIMENTAÇÃO;DESPESA;-R$ 125,02 ;Santander;Corrente;ESSENCIAIS
2025-05-01;MAIO;SUPERMERCADO LATORRE   JOAO PESSOA   BRA;ALIMENTAÇÃO;DESPESA;-R$ 124,74 ;Inter;Corrente;ESSENCIAIS
2025-04-01;ABRIL;EXTREMO ORIENTAL DELIV;ALIMENTAÇÃO;DESPESA;-R$ 123,61 ;Santander;Corrente;ESSENCIAIS
2025-09-01;SETEMBRO;PAO DE ACUCAR 1283     JOAO PESSOA   BRA;ALIMENTAÇÃO;DESPESA;-R$ 121,93 ;Inter;Corrente;ESSENCIAIS
2025-06-01;JUNHO;ESDRAS CONVENIENCIA    JOAO PESSOA   BRA;ALIMENTAÇÃO;DESPESA;-R$ 120,00 ;Inter;Corrente;ESSENCIAIS
2025-03-01;MARÇO;ALESSANDRA CALADO PINH JOAO PESSOA   BRA;ALIMENTAÇÃO;DESPESA;-R$ 120,00 ;Inter;Corrente;ESSENCIAIS
2025-08-01;AGOSTO;M1                     JOAO PESSOA   BRA;ALIMENTAÇÃO;DESPESA;-R$ 117,20 ;Inter;Corrente;ESSENCIAIS
2025-07-01;JULHO;GRAO FORNERIA;ALIMENTAÇÃO;DESPESA;-R$ 117,15 ;Santander;Corrente;ESSENCIAIS
2025-09-01;SETEMBRO;LINS PRADO;ALIMENTAÇÃO;DESPESA;-R$ 114,50 ;Santander;Corrente;ESSENCIAIS
2025-10-01;OUTUBRO;MsaHospitalar          JOAO PESSOA   BRA;ALIMENTAÇÃO;DESPESA;-R$ 114,30 ;Inter;Corrente;ESSENCIAIS
2025-02-01;FEVEREIRO;CASA    DO BOLO        JOAO PESSOA   BRA;ALIMENTAÇÃO;DESPESA;-R$ 110,60 ;Inter;Corrente;ESSENCIAIS
2025-01-01;JANEIRO;CASA    DO BOLO        JOAO PESSOA   BRA;ALIMENTAÇÃO;DESPESA;-R$ 110,60 ;Inter;Corrente;ESSENCIAIS
2025-04-01;ABRIL;MEDERI DISTRIBUICAO E  JOAO PESSOA   BRA;ALIMENTAÇÃO;DESPESA;-R$ 109,99 ;Inter;Corrente;ESSENCIAIS
2025-02-01;FEVEREIRO;DelaineSemTrigo        JOAO PESSOA   BRA;ALIMENTAÇÃO;DESPESA;-R$ 108,10 ;Inter;Corrente;ESSENCIAIS
2025-01-01;JANEIRO;DelaineSemTrigo        JOAO PESSOA   BRA;ALIMENTAÇÃO;DESPESA;-R$ 108,10 ;Inter;Corrente;ESSENCIAIS
2025-09-01;SETEMBRO;SUPERMERCADO LATORRE   JOAO PESSOA   BRA;ALIMENTAÇÃO;DESPESA;-R$ 108,02 ;Inter;Corrente;ESSENCIAIS
2025-02-01;FEVEREIRO;PAO DE ACUCAR 1283     JOAO PESSOA   BRA;ALIMENTAÇÃO;DESPESA;-R$ 107,91 ;Inter;Corrente;ESSENCIAIS
2025-01-01;JANEIRO;PAO DE ACUCAR 1283     JOAO PESSOA   BRA;ALIMENTAÇÃO;DESPESA;-R$ 107,91 ;Inter;Corrente;ESSENCIAIS
2025-03-01;MARÇO;HAVAN JOAO PESSOA      JOAO PESSOA   BRA;ALIMENTAÇÃO;DESPESA;-R$ 107,47 ;Inter;Corrente;ESSENCIAIS
2025-10-01;OUTUBRO;SUPERMERCADO LATORRE   JOAO PESSOA   BRA;ALIMENTAÇÃO;DESPESA;-R$ 104,28 ;Inter;Corrente;ESSENCIAIS
2025-07-01;JULHO;RC COM DE ALIMENTOS    JOAO PESSOA   BRA;ALIMENTAÇÃO;DESPESA;-R$ 104,26 ;Inter;Corrente;ESSENCIAIS
2025-06-01;JUNHO;PAGUE MENOS 1004       JOAO PESSOA   BRA;ALIMENTAÇÃO;DESPESA;-R$ 103,78 ;Inter;Corrente;ESSENCIAIS
2025-07-01;JULHO;MP  ZIRIGUIS           RIO BRANCO    BRA;ALIMENTAÇÃO;DESPESA;-R$ 102,80 ;Inter;Corrente;ESSENCIAIS
2025-05-01;MAIO;REDE DA ECONOMIA       JOAO PESSOA   BRA;ALIMENTAÇÃO;DESPESA;-R$ 102,28 ;Inter;Corrente;ESSENCIAIS
2025-02-01;FEVEREIRO;PICANHADOBASTOS;ALIMENTAÇÃO;DESPESA;-R$ 101,33 ;Santander;Corrente;ESSENCIAIS
2025-01-01;JANEIRO;PICANHADOBASTOS;ALIMENTAÇÃO;DESPESA;-R$ 101,33 ;Santander;Corrente;ESSENCIAIS
2025-10-14;NOVEMBRO;CARREFOUR PST PJP 394  CABEDELO      BRA;ALIMENTAÇÃO;DESPESA;-R$ 100,00 ;Inter;Corrente;ESSENCIAIS
2025-08-01;AGOSTO;SUPERMERCADO LATORRE   JOAO PESSOA   BRA;ALIMENTAÇÃO;DESPESA;-R$ 99,36 ;Inter;Corrente;ESSENCIAIS
2025-04-01;ABRIL;CASA    DO BOLO        JOAO PESSOA   BRA;ALIMENTAÇÃO;DESPESA;-R$ 99,00 ;Inter;Corrente;ESSENCIAIS
2025-10-01;OUTUBRO;CASA    DO BOLO        JOAO PESSOA   BRA;ALIMENTAÇÃO;DESPESA;-R$ 98,66 ;Inter;Corrente;ESSENCIAIS
2025-06-01;JUNHO;SUPERMERCADO LATORRE   JOAO PESSOA   BRA;ALIMENTAÇÃO;DESPESA;-R$ 98,30 ;Inter;Corrente;ESSENCIAIS
2025-07-01;JULHO;PANIFICADORA ELDORADO  JOAO PESSOA   BRA;ALIMENTAÇÃO;DESPESA;-R$ 98,19 ;Inter;Corrente;ESSENCIAIS
2025-07-01;JULHO;54265669Nathalia       JOAO PESSOA   BRA;ALIMENTAÇÃO;DESPESA;-R$ 98,00 ;Inter;Corrente;ESSENCIAIS
2025-09-01;SETEMBRO;CARREFOUR JPB 466      JOAO PESSOA   BRA;ALIMENTAÇÃO;DESPESA;-R$ 95,48 ;Inter;Corrente;ESSENCIAIS
2025-02-01;FEVEREIRO;JANAINA JAPIASSU PEREI JOAO PESSOA   BRA;ALIMENTAÇÃO;DESPESA;-R$ 95,40 ;Inter;Corrente;ESSENCIAIS
2025-01-01;JANEIRO;JANAINA JAPIASSU PEREI JOAO PESSOA   BRA;ALIMENTAÇÃO;DESPESA;-R$ 95,40 ;Inter;Corrente;ESSENCIAIS
2025-08-01;AGOSTO;IFD LARISSA GOMES PINT JOAO PESSOA   BRA;ALIMENTAÇÃO;DESPESA;-R$ 94,29 ;Inter;Corrente;ESSENCIAIS
2025-03-01;MARÇO;PAO DE ACUCAR-1283;ALIMENTAÇÃO;DESPESA;-R$ 93,71 ;Santander;Corrente;ESSENCIAIS
2025-10-01;OUTUBRO;JoseAlanBezerraDe      JOAO PESSOA   BRA;ALIMENTAÇÃO;DESPESA;-R$ 93,28 ;Inter;Corrente;ESSENCIAIS
2025-10-10;NOVEMBRO;SUPERMERCADO LATORRE   JOAO PESSOA   BRA;ALIMENTAÇÃO;DESPESA;-R$ 92,82 ;Inter;Corrente;ESSENCIAIS
2025-07-01;JULHO;M1                     JOAO PESSOA   BRA;ALIMENTAÇÃO;DESPESA;-R$ 92,80 ;Inter;Corrente;ESSENCIAIS
2025-08-01;AGOSTO;SUPERMERCADO LIMPEZA   JOAO PESSOA   BRA;ALIMENTAÇÃO;DESPESA;-R$ 92,22 ;Inter;Corrente;ESSENCIAIS
2025-05-01;MAIO;SUPERMERCADO LATORRE   JOAO PESSOA   BRA;ALIMENTAÇÃO;DESPESA;-R$ 92,09 ;Inter;Corrente;ESSENCIAIS
2025-09-01;SETEMBRO;VANDERLEI ARRUDA;ALIMENTAÇÃO;DESPESA;-R$ 90,00 ;Santander;Corrente;ESSENCIAIS
2025-04-01;ABRIL;BARBOSA COMERCIO E SER;ALIMENTAÇÃO;DESPESA;-R$ 88,17 ;Santander;Corrente;ESSENCIAIS
2025-02-01;FEVEREIRO;BARBOSA COMERCIO E SER;ALIMENTAÇÃO;DESPESA;-R$ 88,17 ;Santander;Corrente;ESSENCIAIS
2025-06-01;JUNHO;BARBOSA COMERCIO E SER;ALIMENTAÇÃO;DESPESA;-R$ 88,17 ;Santander;Corrente;ESSENCIAIS
2025-05-01;MAIO;BARBOSA COMERCIO E SER;ALIMENTAÇÃO;DESPESA;-R$ 88,17 ;Santander;Corrente;ESSENCIAIS
2025-03-01;MARÇO;BARBOSA COMERCIO E SERV;ALIMENTAÇÃO;DESPESA;-R$ 88,17 ;Santander;Corrente;ESSENCIAIS
2025-03-01;MARÇO;GRAO FORNERIA          JOAO PESSOA   BRA;ALIMENTAÇÃO;DESPESA;-R$ 87,23 ;Inter;Corrente;ESSENCIAIS
2025-06-01;JUNHO;MERCADOLIVRE MNLDISTR  OSASCO        BRA;ALIMENTAÇÃO;DESPESA;-R$ 85,94 ;Inter;Corrente;ESSENCIAIS
2025-02-01;FEVEREIRO;ATACADAO IMPERIO DAS   JOAO PESSOA   BRA;ALIMENTAÇÃO;DESPESA;-R$ 85,00 ;Inter;Corrente;ESSENCIAIS
2025-01-01;JANEIRO;ATACADAO IMPERIO DAS   JOAO PESSOA   BRA;ALIMENTAÇÃO;DESPESA;-R$ 85,00 ;Inter;Corrente;ESSENCIAIS
2025-08-01;AGOSTO;REDE DA ECONOMIA       JOAO PESSOA   BRA;ALIMENTAÇÃO;DESPESA;-R$ 84,33 ;Inter;Corrente;ESSENCIAIS
2025-09-01;SETEMBRO;PAGUE MENOS 1004       JOAO PESSOA   BRA;ALIMENTAÇÃO;DESPESA;-R$ 83,97 ;Inter;Corrente;ESSENCIAIS
2025-08-01;AGOSTO;REDE DA ECONOMIA       JOAO PESSOA   BRA;ALIMENTAÇÃO;DESPESA;-R$ 83,91 ;Inter;Corrente;ESSENCIAIS
2025-07-01;JULHO;IFD H I M HAECKEL IMPE JOAO PESSOA   BRA;ALIMENTAÇÃO;DESPESA;-R$ 82,89 ;Inter;Corrente;ESSENCIAIS
2025-08-01;AGOSTO;NAVEGANTES BAR E PETI  JOAO PESSOA   BRA;ALIMENTAÇÃO;DESPESA;-R$ 82,38 ;Inter;Corrente;ESSENCIAIS
2025-08-01;AGOSTO;MEDERI DISTRIBUICAO E  JOAO PESSOA   BRA;ALIMENTAÇÃO;DESPESA;-R$ 80,99 ;Inter;Corrente;ESSENCIAIS
2025-07-01;JULHO;MEDERI DISTRIBUICAO E  JOAO PESSOA   BRA;ALIMENTAÇÃO;DESPESA;-R$ 80,99 ;Inter;Corrente;ESSENCIAIS
2025-07-01;JULHO;MEDERI DISTRIBUICAO E  JOAO PESSOA   BRA;ALIMENTAÇÃO;DESPESA;-R$ 80,99 ;Inter;Corrente;ESSENCIAIS
2025-10-01;OUTUBRO;MEDERI DISTRIBUICAO E  JOAO PESSOA   BRA;ALIMENTAÇÃO;DESPESA;-R$ 80,99 ;Inter;Corrente;ESSENCIAIS
2025-04-01;ABRIL;SEVERINA ANGELA CAETAN JOAO PESSOA   BRA;ALIMENTAÇÃO;DESPESA;-R$ 80,18 ;Inter;Corrente;ESSENCIAIS
2025-02-01;FEVEREIRO;TIO ARMENIO;ALIMENTAÇÃO;DESPESA;-R$ 80,00 ;Santander;Corrente;ESSENCIAIS
2025-05-01;MAIO;IFD SAKE RESTAURANTE E JOAO PESSOA   BRA;ALIMENTAÇÃO;DESPESA;-R$ 79,89 ;Inter;Corrente;ESSENCIAIS
2025-05-01;MAIO;ESTALEIRO RESTAURANTE  Joao Pessoa   BRA;ALIMENTAÇÃO;DESPESA;-R$ 79,20 ;Inter;Corrente;ESSENCIAIS
2025-05-01;MAIO;REDE DA ECONOMIA       JOAO PESSOA   BRA;ALIMENTAÇÃO;DESPESA;-R$ 77,53 ;Inter;Corrente;ESSENCIAIS
2025-08-01;AGOSTO;POLIANA FERNANDES MARQ;ALIMENTAÇÃO;DESPESA;-R$ 77,00 ;Santander;Corrente;ESSENCIAIS
2025-04-01;ABRIL;ATACADAO DOS PRESENTE  JOAO PESSOA   BRA;ALIMENTAÇÃO;DESPESA;-R$ 76,90 ;Inter;Corrente;ESSENCIAIS
2025-10-01;OUTUBRO;MP  R1BURGER           OSASCO        BRA;ALIMENTAÇÃO;DESPESA;-R$ 76,00 ;Inter;Corrente;ESSENCIAIS
2025-07-01;JULHO;SACOLAO MIRAMAR        JOAO PESSOA   BRA;ALIMENTAÇÃO;DESPESA;-R$ 75,00 ;Inter;Corrente;ESSENCIAIS
2025-09-01;SETEMBRO;AlexsandroTomasDa      SANTA RITA    BRA;ALIMENTAÇÃO;DESPESA;-R$ 75,00 ;Inter;Corrente;ESSENCIAIS
2025-05-01;MAIO;JANAINA JAPIASSU PERE  JOAO PESSOA   BRA;ALIMENTAÇÃO;DESPESA;-R$ 74,80 ;Inter;Corrente;ESSENCIAIS
2025-02-01;FEVEREIRO;SACOLAO MIRAMAR        JOAO PESSOA   BRA;ALIMENTAÇÃO;DESPESA;-R$ 73,56 ;Inter;Corrente;ESSENCIAIS
2025-01-01;JANEIRO;SACOLAO MIRAMAR        JOAO PESSOA   BRA;ALIMENTAÇÃO;DESPESA;-R$ 73,56 ;Inter;Corrente;ESSENCIAIS
2025-08-01;AGOSTO;C  CARNES              JOAO PESSOA   BRA;ALIMENTAÇÃO;DESPESA;-R$ 72,85 ;Inter;Corrente;ESSENCIAIS
2025-10-27;NOVEMBRO;MINI MERCADO O BARTAO  JOAO PESSOA   BRA;ALIMENTAÇÃO;DESPESA;-R$ 72,81 ;Inter;Corrente;ESSENCIAIS
2025-02-01;FEVEREIRO;OLIMPIA DE LOURDES CO  JOAO PESSOA   BRA;ALIMENTAÇÃO;DESPESA;-R$ 72,50 ;Inter;Corrente;ESSENCIAIS
2025-01-01;JANEIRO;OLIMPIA DE LOURDES CO  JOAO PESSOA   BRA;ALIMENTAÇÃO;DESPESA;-R$ 72,50 ;Inter;Corrente;ESSENCIAIS
2025-05-01;MAIO;LOJAS AMERICANAS 198   JOAO PESSOA   BRA;ALIMENTAÇÃO;DESPESA;-R$ 71,83 ;Inter;Corrente;ESSENCIAIS
2025-09-01;SETEMBRO;CARREFOUR JPB 466      JOAO PESSOA   BRA;ALIMENTAÇÃO;DESPESA;-R$ 71,79 ;Inter;Corrente;ESSENCIAIS
2025-05-01;MAIO;MsaHospitalar          JOAO PESSOA   BRA;ALIMENTAÇÃO;DESPESA;-R$ 70,78 ;Inter;Corrente;ESSENCIAIS
2025-02-01;FEVEREIRO;MP  SOSALERGIANHA      CABEDELO      BRA;ALIMENTAÇÃO;DESPESA;-R$ 70,14 ;Inter;Corrente;ESSENCIAIS
2025-01-01;JANEIRO;MP  SOSALERGIANHA      CABEDELO      BRA;ALIMENTAÇÃO;DESPESA;-R$ 70,14 ;Inter;Corrente;ESSENCIAIS
2025-06-01;JUNHO;JULIANA CARVALHO COIM;ALIMENTAÇÃO;DESPESA;-R$ 69,99 ;Santander;Corrente;ESSENCIAIS
2025-05-01;MAIO;JULIANA CARVALHO COIM;ALIMENTAÇÃO;DESPESA;-R$ 69,99 ;Santander;Corrente;ESSENCIAIS
2025-10-01;OUTUBRO;QuincasGaleto          JOAO PESSOA   BRA;ALIMENTAÇÃO;DESPESA;-R$ 68,82 ;Inter;Corrente;ESSENCIAIS
2025-08-01;AGOSTO;RC COM DE ALIMENTOS    JOAO PESSOA   BRA;ALIMENTAÇÃO;DESPESA;-R$ 68,65 ;Inter;Corrente;ESSENCIAIS
2025-11-01;NOVEMBRO;PAO DE ACUCAR-1283;ALIMENTAÇÃO;DESPESA;-R$ 66,30 ;Santander;Corrente;ESSENCIAIS
2025-04-01;ABRIL;SUSHI JIRO;ALIMENTAÇÃO;DESPESA;-R$ 66,03 ;Santander;Corrente;ESSENCIAIS
2025-07-01;JULHO;YURIAMARALCATAO;ALIMENTAÇÃO;DESPESA;-R$ 66,00 ;Santander;Corrente;ESSENCIAIS
2025-10-01;OUTUBRO;PANIFICADORA SAO GONCA;ALIMENTAÇÃO;DESPESA;-R$ 66,00 ;Santander;Corrente;ESSENCIAIS
2025-06-01;JUNHO;IFOOD   IFD BONSAI SU  VILA YARA OSA BRA;ALIMENTAÇÃO;DESPESA;-R$ 65,00 ;Inter;Corrente;ESSENCIAIS
2025-05-01;MAIO;SONHO DOCE             JOAO PESSOA   BRA;ALIMENTAÇÃO;DESPESA;-R$ 65,00 ;Inter;Corrente;ESSENCIAIS
2025-05-01;MAIO;MARIA CAROLINE BRANDAO JOAO PESSOA   BRA;ALIMENTAÇÃO;DESPESA;-R$ 65,00 ;Inter;Corrente;ESSENCIAIS
2025-02-01;FEVEREIRO;IFD IGOR PEDROSA CHANG JOAO PESSOA   BRA;ALIMENTAÇÃO;DESPESA;-R$ 64,40 ;Inter;Corrente;ESSENCIAIS
2025-01-01;JANEIRO;IFD IGOR PEDROSA CHANG JOAO PESSOA   BRA;ALIMENTAÇÃO;DESPESA;-R$ 64,40 ;Inter;Corrente;ESSENCIAIS
2025-08-01;AGOSTO;PIZZACOMEDY            CABEDELO      BRA;ALIMENTAÇÃO;DESPESA;-R$ 63,70 ;Inter;Corrente;ESSENCIAIS
2025-08-01;AGOSTO;PANIFICADORA ELDORADO;ALIMENTAÇÃO;DESPESA;-R$ 63,03 ;Santander;Corrente;ESSENCIAIS
2025-05-01;MAIO;EMPRESA SILVA          JOAO PESSOA   BRA;ALIMENTAÇÃO;DESPESA;-R$ 63,00 ;Inter;Corrente;ESSENCIAIS
2025-02-01;FEVEREIRO;IFD SAKE RESTAURANTE E JOAO PESSOA   BRA;ALIMENTAÇÃO;DESPESA;-R$ 62,54 ;Inter;Corrente;ESSENCIAIS
2025-01-01;JANEIRO;IFD SAKE RESTAURANTE E JOAO PESSOA   BRA;ALIMENTAÇÃO;DESPESA;-R$ 62,54 ;Inter;Corrente;ESSENCIAIS
2025-08-01;AGOSTO;MsaHospitalar          JOAO PESSOA   BRA;ALIMENTAÇÃO;DESPESA;-R$ 62,40 ;Inter;Corrente;ESSENCIAIS
2025-07-01;JULHO;YURIAMARALCATAO;ALIMENTAÇÃO;DESPESA;-R$ 62,39 ;Santander;Corrente;ESSENCIAIS
2025-06-01;JUNHO;MENOR PRECO            JOAO PESSOA   BRA;ALIMENTAÇÃO;DESPESA;-R$ 62,22 ;Inter;Corrente;ESSENCIAIS
2025-08-01;AGOSTO;PAO DE ACUCAR 1283     JOAO PESSOA   BRA;ALIMENTAÇÃO;DESPESA;-R$ 61,95 ;Inter;Corrente;ESSENCIAIS
2025-08-01;AGOSTO;PANIFICADORA ELDORADO  JOAO PESSOA   BRA;ALIMENTAÇÃO;DESPESA;-R$ 61,92 ;Inter;Corrente;ESSENCIAIS
2025-10-01;OUTUBRO;IFD BONSAI SUSHI LTDA  JOAO PESSOA   BRA;ALIMENTAÇÃO;DESPESA;-R$ 61,49 ;Inter;Corrente;ESSENCIAIS
2025-02-01;FEVEREIRO;IFD IGOR PEDROSA CHANG JOAO PESSOA   BRA;ALIMENTAÇÃO;DESPESA;-R$ 61,39 ;Inter;Corrente;ESSENCIAIS
2025-01-01;JANEIRO;IFD IGOR PEDROSA CHANG JOAO PESSOA   BRA;ALIMENTAÇÃO;DESPESA;-R$ 61,39 ;Inter;Corrente;ESSENCIAIS
2025-03-01;MARÇO;ifood        ifood     Vila Yara Osa BRA;ALIMENTAÇÃO;DESPESA;-R$ 61,00 ;Inter;Corrente;ESSENCIAIS
2025-10-01;OUTUBRO;IFD DANIEL PEDRO DA SI SOUSA         BRA;ALIMENTAÇÃO;DESPESA;-R$ 60,99 ;Inter;Corrente;ESSENCIAIS
2025-09-01;SETEMBRO;PAO DE ACUCAR 1283     JOAO PESSOA   BRA;ALIMENTAÇÃO;DESPESA;-R$ 60,51 ;Inter;Corrente;ESSENCIAIS
2025-06-01;JUNHO;THIAGO CAVALCANTI DE;ALIMENTAÇÃO;DESPESA;-R$ 60,00 ;Santander;Corrente;ESSENCIAIS
2025-05-01;MAIO;THIAGO CAVALCANTI DE;ALIMENTAÇÃO;DESPESA;-R$ 60,00 ;Santander;Corrente;ESSENCIAIS
2025-05-01;MAIO;CIDA DAS VERDURAS      BAYEUX        BRA;ALIMENTAÇÃO;DESPESA;-R$ 60,00 ;Inter;Corrente;ESSENCIAIS
2025-09-01;SETEMBRO;JOAONETOFERREIRA;ALIMENTAÇÃO;DESPESA;-R$ 60,00 ;Santander;Corrente;ESSENCIAIS
2025-09-18;NOVEMBRO;MERCADOLIVRE PRUDEIMP  PRUDENTOPOLI  BRA;ALIMENTAÇÃO;DESPESA;-R$ 59,47 ;Inter;Corrente;ESSENCIAIS
2025-07-01;JULHO;IFD BONSAI SUSHI LTDA  JOAO PESSOA   BRA;ALIMENTAÇÃO;DESPESA;-R$ 58,99 ;Inter;Corrente;ESSENCIAIS
2025-10-13;NOVEMBRO;SUPERMERCADO LATORRE   JOAO PESSOA   BRA;ALIMENTAÇÃO;DESPESA;-R$ 58,61 ;Inter;Corrente;ESSENCIAIS
2025-09-01;SETEMBRO;SUPERMERCADO LATORRE   JOAO PESSOA   BRA;ALIMENTAÇÃO;DESPESA;-R$ 58,31 ;Inter;Corrente;ESSENCIAIS
2025-04-01;ABRIL;PANIFICADORA ELDORADO  JOAO PESSOA   BRA;ALIMENTAÇÃO;DESPESA;-R$ 57,94 ;Inter;Corrente;ESSENCIAIS
2025-06-01;JUNHO;PAO DE ACUCAR 1283     JOAO PESSOA   BRA;ALIMENTAÇÃO;DESPESA;-R$ 56,94 ;Inter;Corrente;ESSENCIAIS
2025-07-01;JULHO;CAPPTA  PANIFICADORA E CORONEL JOAO  BRA;ALIMENTAÇÃO;DESPESA;-R$ 56,78 ;Inter;Corrente;ESSENCIAIS
2025-04-01;ABRIL;SUPERMERCADO LATORRE   JOAO PESSOA   BRA;ALIMENTAÇÃO;DESPESA;-R$ 56,52 ;Inter;Corrente;ESSENCIAIS
2025-03-01;MARÇO;PANIFICADORA ELDORADO  JOAO PESSOA   BRA;ALIMENTAÇÃO;DESPESA;-R$ 56,30 ;Inter;Corrente;ESSENCIAIS
2025-03-01;MARÇO;CristianoSantosDa      BAYEUX        BRA;ALIMENTAÇÃO;DESPESA;-R$ 56,00 ;Inter;Corrente;ESSENCIAIS
2025-06-01;JUNHO;PANIFICADORA ELDORADO;ALIMENTAÇÃO;DESPESA;-R$ 55,71 ;Santander;Corrente;ESSENCIAIS
2025-05-01;MAIO;PANIFICADORA ELDORADO;ALIMENTAÇÃO;DESPESA;-R$ 55,71 ;Santander;Corrente;ESSENCIAIS
2025-02-01;FEVEREIRO;NATURALI               Joao Pessoa   BRA;ALIMENTAÇÃO;DESPESA;-R$ 55,18 ;Inter;Corrente;ESSENCIAIS
2025-01-01;JANEIRO;NATURALI               Joao Pessoa   BRA;ALIMENTAÇÃO;DESPESA;-R$ 55,18 ;Inter;Corrente;ESSENCIAIS
2025-07-01;JULHO;PANIFICADORA ELDORADO  JOAO PESSOA   BRA;ALIMENTAÇÃO;DESPESA;-R$ 54,45 ;Inter;Corrente;ESSENCIAIS
2025-08-01;AGOSTO;SUPERMERCADO LATORRE   JOAO PESSOA   BRA;ALIMENTAÇÃO;DESPESA;-R$ 54,44 ;Inter;Corrente;ESSENCIAIS
2025-06-01;JUNHO;IFD IGOR PEDROSA CHANG JOAO PESSOA   BRA;ALIMENTAÇÃO;DESPESA;-R$ 54,38 ;Inter;Corrente;ESSENCIAIS
2025-10-01;OUTUBRO;CARREFOUR JPB 466      JOAO PESSOA   BRA;ALIMENTAÇÃO;DESPESA;-R$ 53,88 ;Inter;Corrente;ESSENCIAIS
2025-10-12;NOVEMBRO;PANIFICADORA ELDORADO  JOAO PESSOA   BRA;ALIMENTAÇÃO;DESPESA;-R$ 53,46 ;Inter;Corrente;ESSENCIAIS
2025-07-01;JULHO;JOSILDOCAVALCANTE;ALIMENTAÇÃO;DESPESA;-R$ 53,00 ;Santander;Corrente;ESSENCIAIS
2025-03-01;MARÇO;MUNDO DOS PASTEIS      JOAO PESSOA   BRA;ALIMENTAÇÃO;DESPESA;-R$ 53,00 ;Inter;Corrente;ESSENCIAIS
2025-10-01;OUTUBRO;KALINA KESSIA ALVES A  JOAO PESSOA   BRA;ALIMENTAÇÃO;DESPESA;-R$ 53,00 ;Inter;Corrente;ESSENCIAIS
2025-05-01;MAIO;ATACAREJO FORROCK      CABEDELO      BRA;ALIMENTAÇÃO;DESPESA;-R$ 52,97 ;Inter;Corrente;ESSENCIAIS
2025-06-01;JUNHO;SUPERMERCADO LATORRE   JOAO PESSOA   BRA;ALIMENTAÇÃO;DESPESA;-R$ 52,94 ;Inter;Corrente;ESSENCIAIS
2025-09-01;SETEMBRO;PAO DE ACUCAR 1283     JOAO PESSOA   BRA;ALIMENTAÇÃO;DESPESA;-R$ 51,48 ;Inter;Corrente;ESSENCIAIS
2025-10-20;NOVEMBRO;SUPERMERCADO MIRAMAR   JOAO PESSOA   BRA;ALIMENTAÇÃO;DESPESA;-R$ 50,99 ;Inter;Corrente;ESSENCIAIS
2025-09-01;SETEMBRO;PANIFICADORA ELDORADO;ALIMENTAÇÃO;DESPESA;-R$ 50,80 ;Santander;Corrente;ESSENCIAIS
2025-10-28;NOVEMBRO;SUPERMERCADO LATORRE   JOAO PESSOA   BRA;ALIMENTAÇÃO;DESPESA;-R$ 50,57 ;Inter;Corrente;ESSENCIAIS
2025-09-01;SETEMBRO;NOBREGA E CABRAL SERVI JOAO PESSOA   BRA;ALIMENTAÇÃO;DESPESA;-R$ 50,30 ;Inter;Corrente;ESSENCIAIS
2025-10-15;NOVEMBRO;MENOR PRECO            JOAO PESSOA   BRA;ALIMENTAÇÃO;DESPESA;-R$ 50,23 ;Inter;Corrente;ESSENCIAIS
2025-02-01;FEVEREIRO;TatianaGomesDos        JOAO PESSOA   BRA;ALIMENTAÇÃO;DESPESA;-R$ 50,00 ;Inter;Corrente;ESSENCIAIS
2025-01-01;JANEIRO;TatianaGomesDos        JOAO PESSOA   BRA;ALIMENTAÇÃO;DESPESA;-R$ 50,00 ;Inter;Corrente;ESSENCIAIS
2025-10-06;NOVEMBRO;PDV TC SHOP            JOAO PESSOA   BRA;ALIMENTAÇÃO;DESPESA;-R$ 50,00 ;Inter;Corrente;ESSENCIAIS
2025-06-01;JUNHO;DELAINESEMTRIGO        JOAO PESSOA   BRA;ALIMENTAÇÃO;DESPESA;-R$ 49,80 ;Inter;Corrente;ESSENCIAIS
2025-10-29;NOVEMBRO;ELIANE AUGUSTO         JOAO PESSOA   BRA;ALIMENTAÇÃO;DESPESA;-R$ 49,80 ; Caixa ;Corrente;ESSENCIAIS
2025-03-01;MARÇO;BESSA GRILL BAR E REST;ALIMENTAÇÃO;DESPESA;-R$ 49,55 ;Santander;Corrente;ESSENCIAIS
2025-02-01;FEVEREIRO;PANIFICADORA ELDORADO  JOAO PESSOA   BRA;ALIMENTAÇÃO;DESPESA;-R$ 49,34 ;Inter;Corrente;ESSENCIAIS
2025-01-01;JANEIRO;PANIFICADORA ELDORADO  JOAO PESSOA   BRA;ALIMENTAÇÃO;DESPESA;-R$ 49,34 ;Inter;Corrente;ESSENCIAIS
2025-06-01;JUNHO;CIDA DAS VERDURAS      BAYEUX        BRA;ALIMENTAÇÃO;DESPESA;-R$ 49,00 ;Inter;Corrente;ESSENCIAIS
2025-07-01;JULHO;CACAU SHOW SHOPPING S  JOAO PESSOA   BRA;ALIMENTAÇÃO;DESPESA;-R$ 48,98 ;Inter;Corrente;ESSENCIAIS
2025-04-01;ABRIL;VL6 GELATO LTDA        JOAO PESSOA   BRA;ALIMENTAÇÃO;DESPESA;-R$ 48,48 ;Inter;Corrente;ESSENCIAIS
2025-10-08;NOVEMBRO;BURGER KING            JOAO PESSOA   BRA;ALIMENTAÇÃO;DESPESA;-R$ 47,80 ;Inter;Corrente;ESSENCIAIS
2025-10-08;NOVEMBRO;JANAINA JAPIASSU PERE  JOAO PESSOA   BRA;ALIMENTAÇÃO;DESPESA;-R$ 47,80 ;Inter;Corrente;ESSENCIAIS
2025-02-01;FEVEREIRO;IFD 49 711 734 JULIANO JOAO PESSOA   BRA;ALIMENTAÇÃO;DESPESA;-R$ 47,70 ;Inter;Corrente;ESSENCIAIS
2025-01-01;JANEIRO;IFD 49 711 734 JULIANO JOAO PESSOA   BRA;ALIMENTAÇÃO;DESPESA;-R$ 47,70 ;Inter;Corrente;ESSENCIAIS
2025-03-01;MARÇO;REDE DA ECONOMIA       JOAO PESSOA   BRA;ALIMENTAÇÃO;DESPESA;-R$ 47,24 ;Inter;Corrente;ESSENCIAIS
2025-02-01;FEVEREIRO;BRAZIL ATACADO         JOAO PESSOA   BRA;ALIMENTAÇÃO;DESPESA;-R$ 47,11 ;Inter;Corrente;ESSENCIAIS
2025-01-01;JANEIRO;BRAZIL ATACADO         JOAO PESSOA   BRA;ALIMENTAÇÃO;DESPESA;-R$ 47,11 ;Inter;Corrente;ESSENCIAIS
2025-03-01;MARÇO;BRAZIL ATACADO         JOAO PESSOA   BRA;ALIMENTAÇÃO;DESPESA;-R$ 47,11 ;Inter;Corrente;ESSENCIAIS
2025-04-01;ABRIL;EMPRESA SILVA          JOAO PESSOA   BRA;ALIMENTAÇÃO;DESPESA;-R$ 47,00 ;Inter;Corrente;ESSENCIAIS
2025-02-01;FEVEREIRO;MASSARI SERVICOS DE AL;ALIMENTAÇÃO;DESPESA;-R$ 47,00 ;Santander;Corrente;ESSENCIAIS
2025-02-01;FEVEREIRO;CASA DE NARA           Joao Pessoa   BRA;ALIMENTAÇÃO;DESPESA;-R$ 47,00 ;Inter;Corrente;ESSENCIAIS
2025-01-01;JANEIRO;CASA DE NARA           Joao Pessoa   BRA;ALIMENTAÇÃO;DESPESA;-R$ 47,00 ;Inter;Corrente;ESSENCIAIS
2025-05-01;MAIO;MP  VITAFLORA          Joo Pessoa    BRA;ALIMENTAÇÃO;DESPESA;-R$ 47,00 ;Inter;Corrente;ESSENCIAIS
2025-10-01;OUTUBRO;RECANTO DO QUEJEIRO    JOAO PESSOA   BRA;ALIMENTAÇÃO;DESPESA;-R$ 47,00 ;Inter;Corrente;ESSENCIAIS
2025-11-02;NOVEMBRO;MP *PANIFICADORAE;ALIMENTAÇÃO;DESPESA;-R$ 46,55 ;Santander;Corrente;ESSENCIAIS
2025-07-01;JULHO;NATURALI               Joao Pessoa   BRA;ALIMENTAÇÃO;DESPESA;-R$ 46,52 ;Inter;Corrente;ESSENCIAIS
2025-02-01;FEVEREIRO;ifood        ifood     Vila Yara Osa BRA;ALIMENTAÇÃO;DESPESA;-R$ 46,00 ;Inter;Corrente;ESSENCIAIS
2025-01-01;JANEIRO;ifood        ifood     Vila Yara Osa BRA;ALIMENTAÇÃO;DESPESA;-R$ 46,00 ;Inter;Corrente;ESSENCIAIS
2025-09-01;SETEMBRO;CIDA DAS VERDURAS;ALIMENTAÇÃO;DESPESA;-R$ 46,00 ;Santander;Corrente;ESSENCIAIS
2025-09-01;SETEMBRO;PANIFICADORA ELDORADO  JOAO PESSOA   BRA;ALIMENTAÇÃO;DESPESA;-R$ 45,85 ;Inter;Corrente;ESSENCIAIS
2025-06-01;JUNHO;R1BURGER               JOO PESSOA    BRA;ALIMENTAÇÃO;DESPESA;-R$ 45,00 ;Inter;Corrente;ESSENCIAIS
2025-10-01;OUTUBRO;VANDERLEI ARRUDA       AROEIRAS      BRA;ALIMENTAÇÃO;DESPESA;-R$ 45,00 ;Inter;Corrente;ESSENCIAIS
2025-09-01;SETEMBRO;MariaNildaFirmino      JOAO PESSOA   BRA;ALIMENTAÇÃO;DESPESA;-R$ 45,00 ;Inter;Corrente;ESSENCIAIS
2025-09-01;SETEMBRO;PANIFICADORA ELDORADO;ALIMENTAÇÃO;DESPESA;-R$ 44,22 ;Santander;Corrente;ESSENCIAIS
2025-08-01;AGOSTO;R1BURGER               Joo Pessoa    BRA;ALIMENTAÇÃO;DESPESA;-R$ 44,00 ;Inter;Corrente;ESSENCIAIS
2025-10-01;OUTUBRO;MiguelAntonio          JOAO PESSOA   BRA;ALIMENTAÇÃO;DESPESA;-R$ 44,00 ;Inter;Corrente;ESSENCIAIS
2025-06-01;JUNHO;IFD 57069663 RISSIA FA JOAO PESSOA   BRA;ALIMENTAÇÃO;DESPESA;-R$ 43,97 ;Inter;Corrente;ESSENCIAIS
2025-10-11;NOVEMBRO;SUPERMERCADO MIRAMAR   JOAO PESSOA   BRA;ALIMENTAÇÃO;DESPESA;-R$ 43,95 ;Inter;Corrente;ESSENCIAIS
2025-10-01;OUTUBRO;SHOPEE  VitalHarmony   So Paulo      BRA;ALIMENTAÇÃO;DESPESA;-R$ 43,50 ;Inter;Corrente;ESSENCIAIS
2025-04-01;ABRIL;BABU BEBIDAS;ALIMENTAÇÃO;DESPESA;-R$ 43,00 ;Santander;Corrente;ESSENCIAIS
2025-08-01;AGOSTO;PANIFICADORA ELDORADO  JOAO PESSOA   BRA;ALIMENTAÇÃO;DESPESA;-R$ 43,00 ;Inter;Corrente;ESSENCIAIS
2025-10-01;OUTUBRO;REST FOGAO A LENHA;ALIMENTAÇÃO;DESPESA;-R$ 43,00 ;Santander;Corrente;ESSENCIAIS
2025-10-01;OUTUBRO;REST FOGAO A LENHA;ALIMENTAÇÃO;DESPESA;-R$ 43,00 ;Santander;Corrente;ESSENCIAIS
2025-09-01;SETEMBRO;FREITAS VAREJO         CABEDELO      BRA;ALIMENTAÇÃO;DESPESA;-R$ 42,96 ;Inter;Corrente;ESSENCIAIS
2025-08-01;AGOSTO;IFD 57 630 680 VALTEMI JOAO PESSOA   BRA;ALIMENTAÇÃO;DESPESA;-R$ 42,83 ;Inter;Corrente;ESSENCIAIS
2025-02-01;FEVEREIRO;ifood        ifood     Vila Yara Osa BRA;ALIMENTAÇÃO;DESPESA;-R$ 42,50 ;Inter;Corrente;ESSENCIAIS
2025-01-01;JANEIRO;ifood        ifood     Vila Yara Osa BRA;ALIMENTAÇÃO;DESPESA;-R$ 42,50 ;Inter;Corrente;ESSENCIAIS
2025-10-13;NOVEMBRO;SUPERMERCADO LIMPEZA   JOAO PESSOA   BRA;ALIMENTAÇÃO;DESPESA;-R$ 42,50 ;Inter;Corrente;ESSENCIAIS
2025-05-01;MAIO;HAVAN JOAO PESSOA      JOAO PESSOA   BRA;ALIMENTAÇÃO;DESPESA;-R$ 41,98 ;Inter;Corrente;ESSENCIAIS
2025-06-01;JUNHO;54265669NATHALIA       JOAO PESSOA   BRA;ALIMENTAÇÃO;DESPESA;-R$ 41,90 ;Inter;Corrente;ESSENCIAIS
2025-02-01;FEVEREIRO;PANIFICADORA ELDORADO  JOAO PESSOA   BRA;ALIMENTAÇÃO;DESPESA;-R$ 41,46 ;Inter;Corrente;ESSENCIAIS
2025-01-01;JANEIRO;PANIFICADORA ELDORADO  JOAO PESSOA   BRA;ALIMENTAÇÃO;DESPESA;-R$ 41,46 ;Inter;Corrente;ESSENCIAIS
2025-09-01;SETEMBRO;MINI MERCADO O BARTAO  JOAO PESSOA   BRA;ALIMENTAÇÃO;DESPESA;-R$ 41,40 ;Inter;Corrente;ESSENCIAIS
2025-04-01;ABRIL;JULIANA CARVALHO COIM  JOAO PESSOA   BRA;ALIMENTAÇÃO;DESPESA;-R$ 41,27 ;Inter;Corrente;ESSENCIAIS
2025-08-01;AGOSTO;RESTAURANTE BEIRA RIO;ALIMENTAÇÃO;DESPESA;-R$ 41,00 ;Santander;Corrente;ESSENCIAIS
2025-07-01;JULHO;R1BURGER               Joo Pessoa    BRA;ALIMENTAÇÃO;DESPESA;-R$ 41,00 ;Inter;Corrente;ESSENCIAIS
2025-10-01;OUTUBRO;CIDA DAS VERDURAS      BAYEUX        BRA;ALIMENTAÇÃO;DESPESA;-R$ 41,00 ;Inter;Corrente;ESSENCIAIS
2025-10-27;NOVEMBRO;DISTRIBUIDORA MEGACAI  JOAO PESSOA   BRA;ALIMENTAÇÃO;DESPESA;-R$ 41,00 ;Inter;Corrente;ESSENCIAIS
2025-08-01;AGOSTO;LUCAS GALETO           JOAO PESSOA   BRA;ALIMENTAÇÃO;DESPESA;-R$ 40,96 ;Inter;Corrente;ESSENCIAIS
2025-06-01;JUNHO;LUCAS GALETO           JOAO PESSOA   BRA;ALIMENTAÇÃO;DESPESA;-R$ 40,95 ;Inter;Corrente;ESSENCIAIS
2025-07-01;JULHO;PANIFICADORA ELDORADO  JOAO PESSOA   BRA;ALIMENTAÇÃO;DESPESA;-R$ 40,72 ;Inter;Corrente;ESSENCIAIS
2025-02-01;FEVEREIRO;LUCAS GALETO;ALIMENTAÇÃO;DESPESA;-R$ 40,56 ;Santander;Corrente;ESSENCIAIS
2025-10-20;NOVEMBRO;DYVED CAETANO HENRIQUE JOAO PESSOA   BRA;ALIMENTAÇÃO;DESPESA;-R$ 40,21 ;Inter;Corrente;ESSENCIAIS
2025-10-01;OUTUBRO;JoaoNetoFerreira       SANTA RITA    BRA;ALIMENTAÇÃO;DESPESA;-R$ 40,00 ;Inter;Corrente;ESSENCIAIS
2025-10-01;OUTUBRO;MP  R1BURGER           Joo Pessoa    BRA;ALIMENTAÇÃO;DESPESA;-R$ 40,00 ;Inter;Corrente;ESSENCIAIS
2025-09-01;SETEMBRO;ARIOSVALDO;ALIMENTAÇÃO;DESPESA;-R$ 40,00 ;Santander;Corrente;ESSENCIAIS
2025-10-22;NOVEMBRO;CIDA DAS VERDURAS      BAYEUX        BRA;ALIMENTAÇÃO;DESPESA;-R$ 40,00 ;Inter;Corrente;ESSENCIAIS
2025-05-01;MAIO;SUPERMERCADO MANAIRA   JOAO PESSOA   BRA;ALIMENTAÇÃO;DESPESA;-R$ 39,73 ;Inter;Corrente;ESSENCIAIS
2025-09-01;SETEMBRO;PANIFICADORA ELDORADO;ALIMENTAÇÃO;DESPESA;-R$ 39,51 ;Santander;Corrente;ESSENCIAIS
2025-11-02;NOVEMBRO;ISTANBUL KEBAB;ALIMENTAÇÃO;DESPESA;-R$ 39,50 ;Santander;Corrente;ESSENCIAIS
2025-07-01;JULHO;IFD BONSAI SUSHI LTDA  JOAO PESSOA   BRA;ALIMENTAÇÃO;DESPESA;-R$ 38,99 ;Inter;Corrente;ESSENCIAIS
2025-06-01;JUNHO;IFD KLEBER NOBREGA DE  JOAO PESSOA   BRA;ALIMENTAÇÃO;DESPESA;-R$ 38,99 ;Inter;Corrente;ESSENCIAIS
2025-08-01;AGOSTO;66EJPE ARMPB           JOAO PESSOA   BRA;ALIMENTAÇÃO;DESPESA;-R$ 38,90 ;Inter;Corrente;ESSENCIAIS
2025-07-01;JULHO;66EJPE ARMPB           JOAO PESSOA   BRA;ALIMENTAÇÃO;DESPESA;-R$ 38,90 ;Inter;Corrente;ESSENCIAIS
2025-10-01;OUTUBRO;66EJPE ARMPB           JOAO PESSOA   BRA;ALIMENTAÇÃO;DESPESA;-R$ 38,90 ;Inter;Corrente;ESSENCIAIS
2025-09-01;SETEMBRO;66EJPE ARMPB           JOAO PESSOA   BRA;ALIMENTAÇÃO;DESPESA;-R$ 38,90 ;Inter;Corrente;ESSENCIAIS
2025-06-03;NOVEMBRO;66EJPE ARMPB           JOAO PESSOA   BRA;ALIMENTAÇÃO;DESPESA;-R$ 38,90 ;Inter;Corrente;ESSENCIAIS
2025-10-29;NOVEMBRO;CARREFOUR JPB 466      JOAO PESSOA   BRA;ALIMENTAÇÃO;DESPESA;-R$ 38,61 ; Caixa ;Corrente;ESSENCIAIS
2025-02-01;FEVEREIRO;SUPERMERCADO MANAIRA   JOAO PESSOA   BRA;ALIMENTAÇÃO;DESPESA;-R$ 38,22 ;Inter;Corrente;ESSENCIAIS
2025-01-01;JANEIRO;SUPERMERCADO MANAIRA   JOAO PESSOA   BRA;ALIMENTAÇÃO;DESPESA;-R$ 38,22 ;Inter;Corrente;ESSENCIAIS
2025-04-01;ABRIL;ifood   IFD KLEBER NO  Vila Yara Osa BRA;ALIMENTAÇÃO;DESPESA;-R$ 38,00 ;Inter;Corrente;ESSENCIAIS
2025-06-01;JUNHO;PANIFICADORA ELDORADO  JOAO PESSOA   BRA;ALIMENTAÇÃO;DESPESA;-R$ 37,98 ;Inter;Corrente;ESSENCIAIS
2025-06-01;JUNHO;IFD JOSE HENRIQUE PAUL BANANEIRAS    BRA;ALIMENTAÇÃO;DESPESA;-R$ 37,89 ;Inter;Corrente;ESSENCIAIS
2025-09-01;SETEMBRO;SUPERMERCADO LATORRE   JOAO PESSOA   BRA;ALIMENTAÇÃO;DESPESA;-R$ 37,69 ;Inter;Corrente;ESSENCIAIS
2025-09-01;SETEMBRO;PANIFICADORA ELDORADO;ALIMENTAÇÃO;DESPESA;-R$ 37,52 ;Santander;Corrente;ESSENCIAIS
2025-10-01;OUTUBRO;PANIFICADORA ELDORADO;ALIMENTAÇÃO;DESPESA;-R$ 37,51 ;Santander;Corrente;ESSENCIAIS
2025-09-01;SETEMBRO;ARIOSVALDO;ALIMENTAÇÃO;DESPESA;-R$ 37,00 ;Santander;Corrente;ESSENCIAIS
2025-08-06;NOVEMBRO;REV CR PARC LOJ PARCEL;ALIMENTAÇÃO;DESPESA;-R$ 36,90 ;Inter;Corrente;ESSENCIAIS
2025-06-01;JUNHO;REDE DA ECONOMIA       JOAO PESSOA   BRA;ALIMENTAÇÃO;DESPESA;-R$ 36,75 ;Inter;Corrente;ESSENCIAIS
2025-07-01;JULHO;IFD BONSAI SUSHI LTDA  JOAO PESSOA   BRA;ALIMENTAÇÃO;DESPESA;-R$ 36,49 ;Inter;Corrente;ESSENCIAIS
2025-04-01;ABRIL;VITORIAVERDUR          BAYEUX        BRA;ALIMENTAÇÃO;DESPESA;-R$ 36,00 ;Inter;Corrente;ESSENCIAIS
2025-04-01;ABRIL;VL6 GELATO LTDA        JOAO PESSOA   BRA;ALIMENTAÇÃO;DESPESA;-R$ 35,99 ;Inter;Corrente;ESSENCIAIS
2025-09-01;SETEMBRO;PANIFICADORA ELDORADO  JOAO PESSOA   BRA;ALIMENTAÇÃO;DESPESA;-R$ 35,25 ;Inter;Corrente;ESSENCIAIS
2025-10-01;OUTUBRO;PANIFICADORA PANDELLY  JOAO PESSOA   BRA;ALIMENTAÇÃO;DESPESA;-R$ 35,15 ;Inter;Corrente;ESSENCIAIS
2025-06-01;JUNHO;IFD 54 608 270 DIEGO F SOLANEA       BRA;ALIMENTAÇÃO;DESPESA;-R$ 34,93 ;Inter;Corrente;ESSENCIAIS
2025-08-01;AGOSTO;PANIFICADORA ELDORADO  JOAO PESSOA   BRA;ALIMENTAÇÃO;DESPESA;-R$ 34,51 ;Inter;Corrente;ESSENCIAIS
2025-05-01;MAIO;C  CARNES              JOAO PESSOA   BRA;ALIMENTAÇÃO;DESPESA;-R$ 34,30 ;Inter;Corrente;ESSENCIAIS
2025-10-26;NOVEMBRO;EXTREMO ORIENTAL;ALIMENTAÇÃO;DESPESA;-R$ 34,00 ;Inter;Corrente;ESSENCIAIS
2025-07-01;JULHO;CAPPTA *PANIFICADORA E;ALIMENTAÇÃO;DESPESA;-R$ 33,79 ;Santander;Corrente;ESSENCIAIS
2025-02-01;FEVEREIRO;YURIAMARALCATAO;ALIMENTAÇÃO;DESPESA;-R$ 33,50 ;Santander;Corrente;ESSENCIAIS
2025-02-01;FEVEREIRO;ifood        ifood     Vila Yara Osa BRA;ALIMENTAÇÃO;DESPESA;-R$ 33,50 ;Inter;Corrente;ESSENCIAIS
2025-01-01;JANEIRO;YURIAMARALCATAO;ALIMENTAÇÃO;DESPESA;-R$ 33,50 ;Santander;Corrente;ESSENCIAIS
2025-01-01;JANEIRO;ifood        ifood     Vila Yara Osa BRA;ALIMENTAÇÃO;DESPESA;-R$ 33,50 ;Inter;Corrente;ESSENCIAIS
2025-06-01;JUNHO;MP  FRUTASEMGERAL      OSASCO        BRA;ALIMENTAÇÃO;DESPESA;-R$ 33,50 ;Inter;Corrente;ESSENCIAIS
2025-10-01;OUTUBRO;PANIFICADORA SAO GONCA;ALIMENTAÇÃO;DESPESA;-R$ 33,42 ;Santander;Corrente;ESSENCIAIS
2025-06-01;JUNHO;NATURALI               JOAO PESSOA   BRA;ALIMENTAÇÃO;DESPESA;-R$ 33,35 ;Inter;Corrente;ESSENCIAIS
2025-10-01;OUTUBRO;MsaHospitalar          JOAO PESSOA   BRA;ALIMENTAÇÃO;DESPESA;-R$ 33,32 ;Inter;Corrente;ESSENCIAIS
2025-05-01;MAIO;SUPERMERCADO MIRAMAR   JOAO PESSOA   BRA;ALIMENTAÇÃO;DESPESA;-R$ 33,25 ;Inter;Corrente;ESSENCIAIS
2025-02-01;FEVEREIRO;PANDELLY               JOAO PESSOA   BRA;ALIMENTAÇÃO;DESPESA;-R$ 33,00 ;Inter;Corrente;ESSENCIAIS
2025-01-01;JANEIRO;PANDELLY               JOAO PESSOA   BRA;ALIMENTAÇÃO;DESPESA;-R$ 33,00 ;Inter;Corrente;ESSENCIAIS
2025-10-01;OUTUBRO;SASUKE;ALIMENTAÇÃO;DESPESA;-R$ 33,00 ;Santander;Corrente;ESSENCIAIS
2025-10-17;NOVEMBRO;C  CARNES              JOAO PESSOA   BRA;ALIMENTAÇÃO;DESPESA;-R$ 33,00 ;Inter;Corrente;ESSENCIAIS
2025-07-01;JULHO;PANIFICADORA ELDORADO  JOAO PESSOA   BRA;ALIMENTAÇÃO;DESPESA;-R$ 32,77 ;Inter;Corrente;ESSENCIAIS
2025-10-01;OUTUBRO;PANIFICADORA ELDORADO  JOAO PESSOA   BRA;ALIMENTAÇÃO;DESPESA;-R$ 32,59 ;Inter;Corrente;ESSENCIAIS
2025-06-01;JUNHO;REDE DA ECONOMIA       JOAO PESSOA   BRA;ALIMENTAÇÃO;DESPESA;-R$ 32,43 ;Inter;Corrente;ESSENCIAIS
2025-02-01;FEVEREIRO;PANIFICADORA ELDORADO;ALIMENTAÇÃO;DESPESA;-R$ 32,41 ;Santander;Corrente;ESSENCIAIS
2025-01-01;JANEIRO;PANIFICADORA ELDORADO;ALIMENTAÇÃO;DESPESA;-R$ 32,41 ;Santander;Corrente;ESSENCIAIS
2025-06-01;JUNHO;IFD 49 337 612 RENAN D SOLANEA       BRA;ALIMENTAÇÃO;DESPESA;-R$ 32,24 ;Inter;Corrente;ESSENCIAIS
2025-08-01;AGOSTO;JOELMAMARCIAMELO;ALIMENTAÇÃO;DESPESA;-R$ 32,00 ;Santander;Corrente;ESSENCIAIS
2025-08-01;AGOSTO;JOELMAMARCIAMELO;ALIMENTAÇÃO;DESPESA;-R$ 32,00 ;Santander;Corrente;ESSENCIAIS
2025-07-01;JULHO;BLUNELLE GASTRONOMIA E;ALIMENTAÇÃO;DESPESA;-R$ 32,00 ;Santander;Corrente;ESSENCIAIS
2025-06-01;JUNHO;ZENEIDEDOSSANTOS       BAYEUX        BRA;ALIMENTAÇÃO;DESPESA;-R$ 32,00 ;Inter;Corrente;ESSENCIAIS
2025-05-01;MAIO;BANCA DAS FRUTAS       JOAO PESSOA   BRA;ALIMENTAÇÃO;DESPESA;-R$ 32,00 ;Inter;Corrente;ESSENCIAIS
2025-03-01;MARÇO;ifood        ifood     Vila Yara Osa BRA;ALIMENTAÇÃO;DESPESA;-R$ 32,00 ;Inter;Corrente;ESSENCIAIS
2025-09-01;SETEMBRO;IFD LANCHONETE CACHORR JOAO PESSOA   BRA;ALIMENTAÇÃO;DESPESA;-R$ 31,98 ;Inter;Corrente;ESSENCIAIS
2025-09-01;SETEMBRO;FINO PAO               JOAO PESSOA   BRA;ALIMENTAÇÃO;DESPESA;-R$ 31,61 ;Inter;Corrente;ESSENCIAIS
2025-08-01;AGOSTO;JOELMAMARCIAMELO;ALIMENTAÇÃO;DESPESA;-R$ 31,50 ;Santander;Corrente;ESSENCIAIS
2025-06-01;JUNHO;ALBERTODASILVAALV      PEDRAS DE FOG BRA;ALIMENTAÇÃO;DESPESA;-R$ 31,50 ;Inter;Corrente;ESSENCIAIS
2025-08-01;AGOSTO;PANIFICADORA ELDORADO  JOAO PESSOA   BRA;ALIMENTAÇÃO;DESPESA;-R$ 31,34 ;Inter;Corrente;ESSENCIAIS
2025-10-01;OUTUBRO;PANIFICADORA ELDORADO;ALIMENTAÇÃO;DESPESA;-R$ 31,08 ;Santander;Corrente;ESSENCIAIS
2025-09-01;SETEMBRO;COMERCIAL DE BALAS AZE JOAO PESSOA   BRA;ALIMENTAÇÃO;DESPESA;-R$ 31,00 ;Inter;Corrente;ESSENCIAIS
2025-10-01;OUTUBRO;MP *PANIFICADORAE;ALIMENTAÇÃO;DESPESA;-R$ 30,95 ;Santander;Corrente;ESSENCIAIS
2025-10-01;OUTUBRO;THE HOUSE RESTAURANTE;ALIMENTAÇÃO;DESPESA;-R$ 30,78 ;Santander;Corrente;ESSENCIAIS
2025-07-01;JULHO;PANIFICADORA ELDORADO  JOAO PESSOA   BRA;ALIMENTAÇÃO;DESPESA;-R$ 30,74 ;Inter;Corrente;ESSENCIAIS
2025-04-01;ABRIL;MANGAI PB              JOAO PESSOA   BRA;ALIMENTAÇÃO;DESPESA;-R$ 30,46 ;Inter;Corrente;ESSENCIAIS
2025-07-01;JULHO;CAPPTA *PANIFICADORA E;ALIMENTAÇÃO;DESPESA;-R$ 30,11 ;Santander;Corrente;ESSENCIAIS
2025-07-01;JULHO;MANGAIO                JOAO PESSOA   BRA;ALIMENTAÇÃO;DESPESA;-R$ 30,00 ;Inter;Corrente;ESSENCIAIS
2025-07-01;JULHO;JUNIOROVOS             Osasco        BRA;ALIMENTAÇÃO;DESPESA;-R$ 30,00 ;Inter;Corrente;ESSENCIAIS
2025-06-01;JUNHO;SAMIRIA MARIA OLIVEIRA JOAO PESSOA   BRA;ALIMENTAÇÃO;DESPESA;-R$ 30,00 ;Inter;Corrente;ESSENCIAIS
2025-03-01;MARÇO;RECANTO DO QUEJEIRO    JOAO PESSOA   BRA;ALIMENTAÇÃO;DESPESA;-R$ 30,00 ;Inter;Corrente;ESSENCIAIS
2025-10-01;OUTUBRO;SAMARA VERDES          BAYEUX        BRA;ALIMENTAÇÃO;DESPESA;-R$ 30,00 ;Inter;Corrente;ESSENCIAIS
2025-09-01;SETEMBRO;BOX PAI FILHO;ALIMENTAÇÃO;DESPESA;-R$ 30,00 ;Santander;Corrente;ESSENCIAIS
2025-10-14;NOVEMBRO;ATACADAO IMPERIO DAS   JOAO PESSOA   BRA;ALIMENTAÇÃO;DESPESA;-R$ 30,00 ;Inter;Corrente;ESSENCIAIS
2025-08-01;AGOSTO;SUPERMERCADO LATORRE   JOAO PESSOA   BRA;ALIMENTAÇÃO;DESPESA;-R$ 29,99 ;Inter;Corrente;ESSENCIAIS
2025-02-01;FEVEREIRO;EPITACIO PESSOA DRIVE  JOAO PESSOA   BRA;ALIMENTAÇÃO;DESPESA;-R$ 29,90 ;Inter;Corrente;ESSENCIAIS
2025-02-01;FEVEREIRO;LAPADA BURGER;ALIMENTAÇÃO;DESPESA;-R$ 29,90 ;Santander;Corrente;ESSENCIAIS
2025-01-01;JANEIRO;EPITACIO PESSOA DRIVE  JOAO PESSOA   BRA;ALIMENTAÇÃO;DESPESA;-R$ 29,90 ;Inter;Corrente;ESSENCIAIS
2025-06-01;JUNHO;CASA    DO BOLO        JOAO PESSOA   BRA;ALIMENTAÇÃO;DESPESA;-R$ 29,88 ;Inter;Corrente;ESSENCIAIS
2025-07-01;JULHO;CASA BAUDUCCO          JOAO PESSOA   BRA;ALIMENTAÇÃO;DESPESA;-R$ 29,80 ;Inter;Corrente;ESSENCIAIS
2025-10-31;NOVEMBRO;MP *PANIFICADORAE;ALIMENTAÇÃO;DESPESA;-R$ 29,56 ; Caixa ;Corrente;ESSENCIAIS
2025-10-01;OUTUBRO;IFD EDUARDO MARQUES DA JOAO PESSOA   BRA;ALIMENTAÇÃO;DESPESA;-R$ 29,48 ;Inter;Corrente;ESSENCIAIS
2025-06-01;JUNHO;SUPERMERCADO LATORRE   JOAO PESSOA   BRA;ALIMENTAÇÃO;DESPESA;-R$ 29,18 ;Inter;Corrente;ESSENCIAIS
2025-08-01;AGOSTO;CAPPTA PANIFICADORA E;ALIMENTAÇÃO;DESPESA;-R$ 29,15 ;Santander;Corrente;ESSENCIAIS
2025-04-01;ABRIL;MP  FRUTASEMGERAL      JOAO PESSOA   BRA;ALIMENTAÇÃO;DESPESA;-R$ 29,00 ;Inter;Corrente;ESSENCIAIS
2025-07-01;JULHO;SACOLAO MIRAMAR        JOAO PESSOA   BRA;ALIMENTAÇÃO;DESPESA;-R$ 29,00 ;Inter;Corrente;ESSENCIAIS
2025-07-01;JULHO;PANIFICADORA ELDORADO  JOAO PESSOA   BRA;ALIMENTAÇÃO;DESPESA;-R$ 28,90 ;Inter;Corrente;ESSENCIAIS
2025-10-01;OUTUBRO;PANIFICADORA ELDORADO;ALIMENTAÇÃO;DESPESA;-R$ 28,90 ;Santander;Corrente;ESSENCIAIS
2025-05-01;MAIO;FRUTASEMGERAL          JOAO PESSOA   BRA;ALIMENTAÇÃO;DESPESA;-R$ 28,50 ;Inter;Corrente;ESSENCIAIS
2025-02-01;FEVEREIRO;PANDELLY;ALIMENTAÇÃO;DESPESA;-R$ 28,46 ;Santander;Corrente;ESSENCIAIS
2025-01-01;JANEIRO;PANDELLY;ALIMENTAÇÃO;DESPESA;-R$ 28,46 ;Santander;Corrente;ESSENCIAIS
2025-03-01;MARÇO;JOSE EDNALDO DE ARAUJO Joao Pessoa   BRA;ALIMENTAÇÃO;DESPESA;-R$ 28,00 ;Inter;Corrente;ESSENCIAIS
2025-10-03;NOVEMBRO;PANIFICADORA PANDELLY  JOAO PESSOA   BRA;ALIMENTAÇÃO;DESPESA;-R$ 27,99 ;Inter;Corrente;ESSENCIAIS
2025-09-01;SETEMBRO;CAPPTA *PANIFICADORA E;ALIMENTAÇÃO;DESPESA;-R$ 27,72 ;Santander;Corrente;ESSENCIAIS
2025-08-01;AGOSTO;MP  ESPETINHODOBE      OSASCO        BRA;ALIMENTAÇÃO;DESPESA;-R$ 27,00 ;Inter;Corrente;ESSENCIAIS
2025-09-01;SETEMBRO;ESPETINHODOBE          BAYEUX        BRA;ALIMENTAÇÃO;DESPESA;-R$ 27,00 ;Inter;Corrente;ESSENCIAIS
2025-04-01;ABRIL;PANIFICADORA ELDORADO;ALIMENTAÇÃO;DESPESA;-R$ 26,63 ;Santander;Corrente;ESSENCIAIS
2025-09-01;SETEMBRO;PANIFICADORA ELDORADO  JOAO PESSOA   BRA;ALIMENTAÇÃO;DESPESA;-R$ 26,59 ;Inter;Corrente;ESSENCIAIS
2025-05-01;MAIO;VL6 GELATO LTDA        JOAO PESSOA   BRA;ALIMENTAÇÃO;DESPESA;-R$ 26,50 ;Inter;Corrente;ESSENCIAIS
2025-07-01;JULHO;PANIFICADORA ELDORADO  JOAO PESSOA   BRA;ALIMENTAÇÃO;DESPESA;-R$ 26,19 ;Inter;Corrente;ESSENCIAIS
2025-07-01;JULHO;PANIFICADORA ELDORADO;ALIMENTAÇÃO;DESPESA;-R$ 26,01 ;Santander;Corrente;ESSENCIAIS
2025-03-01;MARÇO;FABRICIA JERONIMO DA S;ALIMENTAÇÃO;DESPESA;-R$ 26,00 ;Santander;Corrente;ESSENCIAIS
2025-03-01;MARÇO;FABRICIA JERONIMO DA S;ALIMENTAÇÃO;DESPESA;-R$ 26,00 ;Santander;Corrente;ESSENCIAIS
2025-03-01;MARÇO;JOSE EDNALDO DE ARAUJO Joao Pessoa   BRA;ALIMENTAÇÃO;DESPESA;-R$ 26,00 ;Inter;Corrente;ESSENCIAIS
2025-10-20;NOVEMBRO;CAPPTA  JOSE FIDELIS D BARUERI       BRA;ALIMENTAÇÃO;DESPESA;-R$ 25,99 ;Inter;Corrente;ESSENCIAIS
2025-09-01;SETEMBRO;CAPPTA *PANIFICADORA E;ALIMENTAÇÃO;DESPESA;-R$ 25,05 ;Santander;Corrente;ESSENCIAIS
2025-07-01;JULHO;JoseRobertoMatias      JOAO PESSOA   BRA;ALIMENTAÇÃO;DESPESA;-R$ 25,00 ;Inter;Corrente;ESSENCIAIS
2025-10-01;OUTUBRO;CASA DO BOLO           JOAO PESSOA   BRA;ALIMENTAÇÃO;DESPESA;-R$ 25,00 ;Inter;Corrente;ESSENCIAIS
2025-09-01;SETEMBRO;JERONIMO DA MACAXEIRA;ALIMENTAÇÃO;DESPESA;-R$ 25,00 ;Santander;Corrente;ESSENCIAIS
2025-06-01;JUNHO;PANIFICADORA ELDORADO  JOAO PESSOA   BRA;ALIMENTAÇÃO;DESPESA;-R$ 24,89 ;Inter;Corrente;ESSENCIAIS
2025-04-01;ABRIL;REDE DA ECONOMIA       JOAO PESSOA   BRA;ALIMENTAÇÃO;DESPESA;-R$ 24,76 ;Inter;Corrente;ESSENCIAIS
2025-08-01;AGOSTO;PANIFICADORA PANDELLY  JOAO PESSOA   BRA;ALIMENTAÇÃO;DESPESA;-R$ 24,70 ;Inter;Corrente;ESSENCIAIS
2025-05-01;MAIO;PAO DE ACUCAR 1283     JOAO PESSOA   BRA;ALIMENTAÇÃO;DESPESA;-R$ 24,28 ;Inter;Corrente;ESSENCIAIS
2025-08-01;AGOSTO;CAPPTA PANIFICADORA E;ALIMENTAÇÃO;DESPESA;-R$ 24,25 ;Santander;Corrente;ESSENCIAIS
2025-02-01;FEVEREIRO;DelaineSemTrigo        JOAO PESSOA   BRA;ALIMENTAÇÃO;DESPESA;-R$ 24,00 ;Inter;Corrente;ESSENCIAIS
2025-01-01;JANEIRO;DelaineSemTrigo        JOAO PESSOA   BRA;ALIMENTAÇÃO;DESPESA;-R$ 24,00 ;Inter;Corrente;ESSENCIAIS
2025-06-01;JUNHO;PAO DE ACUCAR 1283;ALIMENTAÇÃO;DESPESA;-R$ 23,99 ;Santander;Corrente;ESSENCIAIS
2025-05-01;MAIO;PAO DE ACUCAR 1283;ALIMENTAÇÃO;DESPESA;-R$ 23,99 ;Santander;Corrente;ESSENCIAIS
2025-09-01;SETEMBRO;PAO DE ACUCAR-1283;ALIMENTAÇÃO;DESPESA;-R$ 23,99 ;Santander;Corrente;ESSENCIAIS
2025-06-01;JUNHO;REDE DA ECONOMIA       JOAO PESSOA   BRA;ALIMENTAÇÃO;DESPESA;-R$ 23,98 ;Inter;Corrente;ESSENCIAIS
2025-08-01;AGOSTO;PAYGO CANTINHO ORIE;ALIMENTAÇÃO;DESPESA;-R$ 23,80 ;Santander;Corrente;ESSENCIAIS
2025-07-01;JULHO;PANIFICADORA ELDORADO;ALIMENTAÇÃO;DESPESA;-R$ 23,61 ;Santander;Corrente;ESSENCIAIS
2025-02-01;FEVEREIRO;IFD LUCAS GIORDANIO MA JOAO PESSOA   BRA;ALIMENTAÇÃO;DESPESA;-R$ 23,08 ;Inter;Corrente;ESSENCIAIS
2025-01-01;JANEIRO;IFD LUCAS GIORDANIO MA JOAO PESSOA   BRA;ALIMENTAÇÃO;DESPESA;-R$ 23,08 ;Inter;Corrente;ESSENCIAIS
2025-02-01;FEVEREIRO;PANIFICADORA ELDORADO;ALIMENTAÇÃO;DESPESA;-R$ 23,00 ;Santander;Corrente;ESSENCIAIS
2025-08-01;AGOSTO;CAPPTA  PANIFICADORA E CORONEL JOAO  BRA;ALIMENTAÇÃO;DESPESA;-R$ 22,50 ;Inter;Corrente;ESSENCIAIS
2025-03-01;MARÇO;PANIFICADORA SAO GONCA JOAO PESSOA   BRA;ALIMENTAÇÃO;DESPESA;-R$ 22,47 ;Inter;Corrente;ESSENCIAIS
2025-05-01;MAIO;PANIFICADORA PANDELLY  JOAO PESSOA   BRA;ALIMENTAÇÃO;DESPESA;-R$ 22,45 ;Inter;Corrente;ESSENCIAIS
2025-03-01;MARÇO;PANIFICADORA PANDELLY  JOAO PESSOA   BRA;ALIMENTAÇÃO;DESPESA;-R$ 22,44 ;Inter;Corrente;ESSENCIAIS
2025-04-01;ABRIL;PANIFICADORA ELDORADO;ALIMENTAÇÃO;DESPESA;-R$ 22,00 ;Santander;Corrente;ESSENCIAIS
2025-03-01;MARÇO;SERGIO DAVID DE MEDEI  JOAO PESSOA   BRA;ALIMENTAÇÃO;DESPESA;-R$ 22,00 ;Inter;Corrente;ESSENCIAIS
2025-03-01;MARÇO;REST RAPATACHO;ALIMENTAÇÃO;DESPESA;-R$ 22,00 ;Santander;Corrente;ESSENCIAIS
2025-04-01;ABRIL;JULIANA CARVALHO COIM  JOAO PESSOA   BRA;ALIMENTAÇÃO;DESPESA;-R$ 21,99 ;Inter;Corrente;ESSENCIAIS
2025-02-01;FEVEREIRO;AR3 COMERCIO DE PRODUT JOAO PESSOA   BRA;ALIMENTAÇÃO;DESPESA;-R$ 21,99 ;Inter;Corrente;ESSENCIAIS
2025-01-01;JANEIRO;AR3 COMERCIO DE PRODUT JOAO PESSOA   BRA;ALIMENTAÇÃO;DESPESA;-R$ 21,99 ;Inter;Corrente;ESSENCIAIS
2025-03-01;MARÇO;JULIANA CARVALHO COIM  JOAO PESSOA   BRA;ALIMENTAÇÃO;DESPESA;-R$ 21,99 ;Inter;Corrente;ESSENCIAIS
2025-09-01;SETEMBRO;PANIFICADORA ELDORADO  JOAO PESSOA   BRA;ALIMENTAÇÃO;DESPESA;-R$ 21,70 ;Inter;Corrente;ESSENCIAIS
2025-03-01;MARÇO;SUPERMERCADO O BARATA  JOAO PESSOA   BRA;ALIMENTAÇÃO;DESPESA;-R$ 21,58 ;Inter;Corrente;ESSENCIAIS
2025-09-01;SETEMBRO;IFD HBS DISTRIBUIDORA  JOAO PESSOA   BRA;ALIMENTAÇÃO;DESPESA;-R$ 21,23 ;Inter;Corrente;ESSENCIAIS
2025-10-24;NOVEMBRO;PANIFICADORA ELDORADO;ALIMENTAÇÃO;DESPESA;-R$ 21,12 ;Inter;Corrente;ESSENCIAIS
2025-06-01;JUNHO;YURIAMARALCATAO;ALIMENTAÇÃO;DESPESA;-R$ 21,00 ;Santander;Corrente;ESSENCIAIS
2025-05-01;MAIO;YURIAMARALCATAO;ALIMENTAÇÃO;DESPESA;-R$ 21,00 ;Santander;Corrente;ESSENCIAIS
2025-03-01;MARÇO;MP  SANDRAM            OSASCO        BRA;ALIMENTAÇÃO;DESPESA;-R$ 21,00 ;Inter;Corrente;ESSENCIAIS
2025-06-01;JUNHO;PANIFICADORA ELDORADO;ALIMENTAÇÃO;DESPESA;-R$ 20,89 ;Santander;Corrente;ESSENCIAIS
2025-05-01;MAIO;PANIFICADORA ELDORADO;ALIMENTAÇÃO;DESPESA;-R$ 20,89 ;Santander;Corrente;ESSENCIAIS
2025-04-01;ABRIL;PANIFICADORA ELDORADO;ALIMENTAÇÃO;DESPESA;-R$ 20,76 ;Santander;Corrente;ESSENCIAIS
2025-10-01;OUTUBRO;RESTAURANTE DO COSTIN;ALIMENTAÇÃO;DESPESA;-R$ 20,50 ;Santander;Corrente;ESSENCIAIS
2025-07-01;JULHO;VL6 GELATO LTDA        JOAO PESSOA   BRA;ALIMENTAÇÃO;DESPESA;-R$ 20,25 ;Inter;Corrente;ESSENCIAIS
2025-10-04;NOVEMBRO;VL6 GELATO LTDA        JOAO PESSOA   BRA;ALIMENTAÇÃO;DESPESA;-R$ 20,25 ;Inter;Corrente;ESSENCIAIS
2025-10-01;OUTUBRO;SEVERINA ANGELA CAETAN JOAO PESSOA   BRA;ALIMENTAÇÃO;DESPESA;-R$ 20,17 ;Inter;Corrente;ESSENCIAIS
2025-08-01;AGOSTO;VIVENDA A GRANEL       JOAO PESSOA   BRA;ALIMENTAÇÃO;DESPESA;-R$ 20,11 ;Inter;Corrente;ESSENCIAIS
2025-08-01;AGOSTO;PAYGO CANTINHO ORIE;ALIMENTAÇÃO;DESPESA;-R$ 20,00 ;Santander;Corrente;ESSENCIAIS
2025-08-01;AGOSTO;XICO NETO              Joao Pessoa   BRA;ALIMENTAÇÃO;DESPESA;-R$ 20,00 ;Inter;Corrente;ESSENCIAIS
2025-07-01;JULHO;FRANCISCODEAQUINO;ALIMENTAÇÃO;DESPESA;-R$ 20,00 ;Santander;Corrente;ESSENCIAIS
2025-07-01;JULHO;MANGAIO                JOAO PESSOA   BRA;ALIMENTAÇÃO;DESPESA;-R$ 20,00 ;Inter;Corrente;ESSENCIAIS
2025-06-01;JUNHO;JG BOLOS E TORTAS CONF JOAO PESSOA   BRA;ALIMENTAÇÃO;DESPESA;-R$ 20,00 ;Inter;Corrente;ESSENCIAIS
2025-06-01;JUNHO;VITORIAVERDUR          BAYEUX        BRA;ALIMENTAÇÃO;DESPESA;-R$ 20,00 ;Inter;Corrente;ESSENCIAIS
2025-09-01;SETEMBRO;VANDERLEI ARRUDA;ALIMENTAÇÃO;DESPESA;-R$ 20,00 ;Santander;Corrente;ESSENCIAIS
2025-07-01;JULHO;HappyRestaurante       JOAO PESSOA   BRA;ALIMENTAÇÃO;DESPESA;-R$ 19,90 ;Inter;Corrente;ESSENCIAIS
2025-05-01;MAIO;PANIFICADORA ELDORADO  JOAO PESSOA   BRA;ALIMENTAÇÃO;DESPESA;-R$ 19,89 ;Inter;Corrente;ESSENCIAIS
2025-05-01;MAIO;VL6 GELATO LTDA        JOAO PESSOA   BRA;ALIMENTAÇÃO;DESPESA;-R$ 19,75 ;Inter;Corrente;ESSENCIAIS
2025-08-01;AGOSTO;IFD HBS DISTRIBUIDORA  JOAO PESSOA   BRA;ALIMENTAÇÃO;DESPESA;-R$ 19,73 ;Inter;Corrente;ESSENCIAIS
2025-08-01;AGOSTO;IFD HBS DISTRIBUIDORA  JOAO PESSOA   BRA;ALIMENTAÇÃO;DESPESA;-R$ 19,73 ;Inter;Corrente;ESSENCIAIS
2025-08-01;AGOSTO;IFD HBS DISTRIBUIDORA  JOAO PESSOA   BRA;ALIMENTAÇÃO;DESPESA;-R$ 19,73 ;Inter;Corrente;ESSENCIAIS
2025-07-01;JULHO;IFD HBS DISTRIBUIDORA  JOAO PESSOA   BRA;ALIMENTAÇÃO;DESPESA;-R$ 19,73 ;Inter;Corrente;ESSENCIAIS
2025-05-01;MAIO;IFD HBS DISTRIBUIDORA  JOAO PESSOA   BRA;ALIMENTAÇÃO;DESPESA;-R$ 19,73 ;Inter;Corrente;ESSENCIAIS
2025-10-01;OUTUBRO;IFD HBS DISTRIBUIDORA  JOAO PESSOA   BRA;ALIMENTAÇÃO;DESPESA;-R$ 19,73 ;Inter;Corrente;ESSENCIAIS
2025-09-01;SETEMBRO;IFD HBS DISTRIBUIDORA  JOAO PESSOA   BRA;ALIMENTAÇÃO;DESPESA;-R$ 19,73 ;Inter;Corrente;ESSENCIAIS
2025-09-01;SETEMBRO;IFD HBS DISTRIBUIDORA  JOAO PESSOA   BRA;ALIMENTAÇÃO;DESPESA;-R$ 19,73 ;Inter;Corrente;ESSENCIAIS
2025-03-01;MARÇO;PANIFICADORA ELDORADO;ALIMENTAÇÃO;DESPESA;-R$ 19,72 ;Santander;Corrente;ESSENCIAIS
2025-09-01;SETEMBRO;PANIFICADORA ELDORADO  JOAO PESSOA   BRA;ALIMENTAÇÃO;DESPESA;-R$ 19,54 ;Inter;Corrente;ESSENCIAIS
2025-02-01;FEVEREIRO;PANIFICADORA ELDORADO;ALIMENTAÇÃO;DESPESA;-R$ 19,40 ;Santander;Corrente;ESSENCIAIS
2025-02-01;FEVEREIRO;PANIFICADORA ELDORADO  JOAO PESSOA   BRA;ALIMENTAÇÃO;DESPESA;-R$ 19,26 ;Inter;Corrente;ESSENCIAIS
2025-01-01;JANEIRO;PANIFICADORA ELDORADO  JOAO PESSOA   BRA;ALIMENTAÇÃO;DESPESA;-R$ 19,26 ;Inter;Corrente;ESSENCIAIS
2025-04-01;ABRIL;PANIFICADORA ELDORADO  JOAO PESSOA   BRA;ALIMENTAÇÃO;DESPESA;-R$ 19,14 ;Inter;Corrente;ESSENCIAIS
2025-06-01;JUNHO;PANIFICADORA ELDORADO;ALIMENTAÇÃO;DESPESA;-R$ 19,06 ;Santander;Corrente;ESSENCIAIS
2025-05-01;MAIO;PANIFICADORA ELDORADO;ALIMENTAÇÃO;DESPESA;-R$ 19,06 ;Santander;Corrente;ESSENCIAIS
2025-08-01;AGOSTO;CLOVESDASILVA;ALIMENTAÇÃO;DESPESA;-R$ 19,00 ;Santander;Corrente;ESSENCIAIS
2025-03-01;MARÇO;PANIFICADORA ELDORADO  JOAO PESSOA   BRA;ALIMENTAÇÃO;DESPESA;-R$ 18,99 ;Inter;Corrente;ESSENCIAIS
2025-04-01;ABRIL;IFD HBS DISTRIBUIDORA  JOAO PESSOA   BRA;ALIMENTAÇÃO;DESPESA;-R$ 18,98 ;Inter;Corrente;ESSENCIAIS
2025-07-01;JULHO;PANIFICADORA ELDORADO;ALIMENTAÇÃO;DESPESA;-R$ 18,94 ;Santander;Corrente;ESSENCIAIS
2025-10-15;NOVEMBRO;CASA    DO BOLO        JOAO PESSOA   BRA;ALIMENTAÇÃO;DESPESA;-R$ 18,78 ;Inter;Corrente;ESSENCIAIS
2025-03-01;MARÇO;PANIFICADORA ELDORADO;ALIMENTAÇÃO;DESPESA;-R$ 18,69 ;Santander;Corrente;ESSENCIAIS
2025-10-01;OUTUBRO;PANIFICADORA MENDES    JOAO PESSOA   BRA;ALIMENTAÇÃO;DESPESA;-R$ 18,62 ;Inter;Corrente;ESSENCIAIS
2025-05-01;MAIO;ATACADAO NIPON         JOAO PESSOA   BRA;ALIMENTAÇÃO;DESPESA;-R$ 18,50 ;Inter;Corrente;ESSENCIAIS
2025-05-01;MAIO;LUCAS DA SILVA DANTAS  JOAO PESSOA   BRA;ALIMENTAÇÃO;DESPESA;-R$ 18,40 ;Inter;Corrente;ESSENCIAIS
2025-06-01;JUNHO;PANIFICADORA ELDORADO;ALIMENTAÇÃO;DESPESA;-R$ 18,18 ;Santander;Corrente;ESSENCIAIS
2025-05-01;MAIO;PANIFICADORA ELDORADO;ALIMENTAÇÃO;DESPESA;-R$ 18,18 ;Santander;Corrente;ESSENCIAIS
2025-08-01;AGOSTO;VIVENDA A GRANEL       JOAO PESSOA   BRA;ALIMENTAÇÃO;DESPESA;-R$ 18,10 ;Inter;Corrente;ESSENCIAIS
2025-08-01;AGOSTO;QUIOSQUE SILVIA LANCHE JOAO PESSOA   BRA;ALIMENTAÇÃO;DESPESA;-R$ 18,00 ;Inter;Corrente;ESSENCIAIS
2025-07-01;JULHO;JG BOLOS E TORTAS CONF JOAO PESSOA   BRA;ALIMENTAÇÃO;DESPESA;-R$ 18,00 ;Inter;Corrente;ESSENCIAIS
2025-06-01;JUNHO;CONVENIENCIA 83        JOAO PESSOA   BRA;ALIMENTAÇÃO;DESPESA;-R$ 18,00 ;Inter;Corrente;ESSENCIAIS
2025-06-01;JUNHO;PANIFICADORA ELDORADO  JOAO PESSOA   BRA;ALIMENTAÇÃO;DESPESA;-R$ 18,00 ;Inter;Corrente;ESSENCIAIS
2025-06-01;JUNHO;PANIFICADORA ELDORADO  JOAO PESSOA   BRA;ALIMENTAÇÃO;DESPESA;-R$ 18,00 ;Inter;Corrente;ESSENCIAIS
2025-03-01;MARÇO;DayseDeKaciaRosas      JOAO PESSOA   BRA;ALIMENTAÇÃO;DESPESA;-R$ 18,00 ;Inter;Corrente;ESSENCIAIS
2025-10-01;OUTUBRO;JG BOLOS E TORTAS CONF JOAO PESSOA   BRA;ALIMENTAÇÃO;DESPESA;-R$ 18,00 ;Inter;Corrente;ESSENCIAIS
2025-10-01;OUTUBRO;PANIFICADORA ELDORADO  JOAO PESSOA   BRA;ALIMENTAÇÃO;DESPESA;-R$ 18,00 ;Inter;Corrente;ESSENCIAIS
2025-10-01;OUTUBRO;PANIFICADORA ELDORADO  JOAO PESSOA   BRA;ALIMENTAÇÃO;DESPESA;-R$ 18,00 ;Inter;Corrente;ESSENCIAIS
2025-09-01;SETEMBRO;PANIFICADORA ELDORADO;ALIMENTAÇÃO;DESPESA;-R$ 18,00 ;Santander;Corrente;ESSENCIAIS
2025-10-07;NOVEMBRO;PANIFICADORA ELDORADO  JOAO PESSOA   BRA;ALIMENTAÇÃO;DESPESA;-R$ 18,00 ;Inter;Corrente;ESSENCIAIS
2025-05-01;MAIO;JULIANA CARVALHO COIM  JOAO PESSOA   BRA;ALIMENTAÇÃO;DESPESA;-R$ 17,99 ;Inter;Corrente;ESSENCIAIS
2025-02-01;FEVEREIRO;PANIFICADORA ELDORADO;ALIMENTAÇÃO;DESPESA;-R$ 17,62 ;Santander;Corrente;ESSENCIAIS
2025-02-01;FEVEREIRO;PANIFICADORA ELDORADO;ALIMENTAÇÃO;DESPESA;-R$ 17,59 ;Santander;Corrente;ESSENCIAIS
2025-06-01;JUNHO;PANIFICADORA ELDORADO;ALIMENTAÇÃO;DESPESA;-R$ 17,21 ;Santander;Corrente;ESSENCIAIS
2025-05-01;MAIO;PANIFICADORA ELDORADO;ALIMENTAÇÃO;DESPESA;-R$ 17,21 ;Santander;Corrente;ESSENCIAIS
2025-05-01;MAIO;YuriAmaralCatao        JOAO PESSOA   BRA;ALIMENTAÇÃO;DESPESA;-R$ 17,20 ;Inter;Corrente;ESSENCIAIS
2025-02-01;FEVEREIRO;PANIFICADORA ELDORADO;ALIMENTAÇÃO;DESPESA;-R$ 17,13 ;Santander;Corrente;ESSENCIAIS
2025-07-01;JULHO;PANIFICADORA ELDORADO;ALIMENTAÇÃO;DESPESA;-R$ 17,07 ;Santander;Corrente;ESSENCIAIS
2025-05-01;MAIO;DIMAINHA               Joo Pessoa    BRA;ALIMENTAÇÃO;DESPESA;-R$ 17,00 ;Inter;Corrente;ESSENCIAIS
2025-03-01;MARÇO;JG BOLOS E TORTAS CONF JOAO PESSOA   BRA;ALIMENTAÇÃO;DESPESA;-R$ 17,00 ;Inter;Corrente;ESSENCIAIS
2025-10-01;OUTUBRO;PANIFICADORA PANDELLY  JOAO PESSOA   BRA;ALIMENTAÇÃO;DESPESA;-R$ 17,00 ;Inter;Corrente;ESSENCIAIS
2025-09-01;SETEMBRO;M1                     JOAO PESSOA   BRA;ALIMENTAÇÃO;DESPESA;-R$ 17,00 ;Inter;Corrente;ESSENCIAIS
2025-04-01;ABRIL;PANIFICADORA ELDORADO  JOAO PESSOA   BRA;ALIMENTAÇÃO;DESPESA;-R$ 16,99 ;Inter;Corrente;ESSENCIAIS
2025-07-01;JULHO;IangChao               JOAO PESSOA   BRA;ALIMENTAÇÃO;DESPESA;-R$ 16,81 ;Inter;Corrente;ESSENCIAIS
2025-10-01;OUTUBRO;IFD RAIMUNDO NONATO XA JOAO PESSOA   BRA;ALIMENTAÇÃO;DESPESA;-R$ 16,58 ;Inter;Corrente;ESSENCIAIS
2025-08-01;AGOSTO;PANIFICADORA PANDELLY  JOAO PESSOA   BRA;ALIMENTAÇÃO;DESPESA;-R$ 16,56 ;Inter;Corrente;ESSENCIAIS
2025-10-29;NOVEMBRO;SUPERMERCADO MIRAMAR   JOAO PESSOA   BRA;ALIMENTAÇÃO;DESPESA;-R$ 16,47 ; Caixa ;Corrente;ESSENCIAIS
2025-06-01;JUNHO;PANIFICADORA ELDORADO  JOAO PESSOA   BRA;ALIMENTAÇÃO;DESPESA;-R$ 16,38 ;Inter;Corrente;ESSENCIAIS
2025-02-01;FEVEREIRO;SUPERMERCADO MIRAMAR   JOAO PESSOA   BRA;ALIMENTAÇÃO;DESPESA;-R$ 16,35 ;Inter;Corrente;ESSENCIAIS
2025-01-01;JANEIRO;SUPERMERCADO MIRAMAR   JOAO PESSOA   BRA;ALIMENTAÇÃO;DESPESA;-R$ 16,35 ;Inter;Corrente;ESSENCIAIS
2025-07-01;JULHO;IFD ELIZAMA DA SILVA L JOAO PESSOA   BRA;ALIMENTAÇÃO;DESPESA;-R$ 15,98 ;Inter;Corrente;ESSENCIAIS
2025-02-01;FEVEREIRO;IFD 47 370 265 ROBSON  JOAO PESSOA   BRA;ALIMENTAÇÃO;DESPESA;-R$ 15,93 ;Inter;Corrente;ESSENCIAIS
2025-01-01;JANEIRO;IFD 47 370 265 ROBSON  JOAO PESSOA   BRA;ALIMENTAÇÃO;DESPESA;-R$ 15,93 ;Inter;Corrente;ESSENCIAIS
2025-10-01;OUTUBRO;57041924 LUZEMILCA DOS JOAO PESSOA   BRA;ALIMENTAÇÃO;DESPESA;-R$ 15,80 ;Inter;Corrente;ESSENCIAIS
2025-10-01;OUTUBRO;PANIFICADORA ELDORADO;ALIMENTAÇÃO;DESPESA;-R$ 15,80 ;Santander;Corrente;ESSENCIAIS
2025-04-01;ABRIL;PANIFICADORA ELDORADO;ALIMENTAÇÃO;DESPESA;-R$ 15,53 ;Santander;Corrente;ESSENCIAIS
2025-02-01;FEVEREIRO;PANIFICADORA ELDORADO;ALIMENTAÇÃO;DESPESA;-R$ 15,17 ;Santander;Corrente;ESSENCIAIS
2025-01-01;JANEIRO;PANIFICADORA ELDORADO;ALIMENTAÇÃO;DESPESA;-R$ 15,17 ;Santander;Corrente;ESSENCIAIS
2025-06-01;JUNHO;SUPERMERCADO LIMPEZA   JOAO PESSOA   BRA;ALIMENTAÇÃO;DESPESA;-R$ 15,15 ;Inter;Corrente;ESSENCIAIS
2025-06-01;JUNHO;PANIFICADORA ELDORADO  JOAO PESSOA   BRA;ALIMENTAÇÃO;DESPESA;-R$ 15,13 ;Inter;Corrente;ESSENCIAIS
2025-08-01;AGOSTO;SUSHI HOUSE PICUI;ALIMENTAÇÃO;DESPESA;-R$ 15,00 ;Santander;Corrente;ESSENCIAIS
2025-05-01;MAIO;PG  TON ELIZEU VARIE   CONDE         BRA;ALIMENTAÇÃO;DESPESA;-R$ 15,00 ;Inter;Corrente;ESSENCIAIS
2025-10-01;OUTUBRO;BOX PAI FILHO          JOAO PESSOA   BRA;ALIMENTAÇÃO;DESPESA;-R$ 15,00 ;Inter;Corrente;ESSENCIAIS
2025-10-01;OUTUBRO;JOAO VERISSIMO DA SIL  JOAO PESSOA   BRA;ALIMENTAÇÃO;DESPESA;-R$ 15,00 ;Inter;Corrente;ESSENCIAIS
2025-10-01;OUTUBRO;WILLAMESOUSA;ALIMENTAÇÃO;DESPESA;-R$ 15,00 ;Santander;Corrente;ESSENCIAIS
2025-05-01;MAIO;ISADORA ESCOSSIA DE A  SANTA RITA    BRA;ALIMENTAÇÃO;DESPESA;-R$ 14,99 ;Inter;Corrente;ESSENCIAIS
2025-02-01;FEVEREIRO;SUPERMERCADOS SAO JOAO JOAO PESSOA   076;ALIMENTAÇÃO;DESPESA;-R$ 14,83 ;Inter;Corrente;ESSENCIAIS
2025-01-01;JANEIRO;SUPERMERCADOS SAO JOAO JOAO PESSOA   076;ALIMENTAÇÃO;DESPESA;-R$ 14,83 ;Inter;Corrente;ESSENCIAIS
2025-02-01;FEVEREIRO;PANIFICADORA ELDORADO;ALIMENTAÇÃO;DESPESA;-R$ 14,59 ;Santander;Corrente;ESSENCIAIS
2025-02-01;FEVEREIRO;SEVERINA ANGELA CAETAN JOAO PESSOA   BRA;ALIMENTAÇÃO;DESPESA;-R$ 14,34 ;Inter;Corrente;ESSENCIAIS
2025-01-01;JANEIRO;SEVERINA ANGELA CAETAN JOAO PESSOA   BRA;ALIMENTAÇÃO;DESPESA;-R$ 14,34 ;Inter;Corrente;ESSENCIAIS
2025-03-01;MARÇO;PANIFICADORA ELDORADO;ALIMENTAÇÃO;DESPESA;-R$ 14,11 ;Santander;Corrente;ESSENCIAIS
2025-07-01;JULHO;CONVENIENCIA;ALIMENTAÇÃO;DESPESA;-R$ 14,00 ;Santander;Corrente;ESSENCIAIS
2025-06-01;JUNHO;QUIOSQUE SILVIA LANCHE JOAO PESSOA   BRA;ALIMENTAÇÃO;DESPESA;-R$ 14,00 ;Inter;Corrente;ESSENCIAIS
2025-10-01;OUTUBRO;ASSAI ATACADISTA LJ77  JOAO PESSOA   BRA;ALIMENTAÇÃO;DESPESA;-R$ 14,00 ;Inter;Corrente;ESSENCIAIS
2025-09-01;SETEMBRO;MARINALDO BARBOSA DE P;ALIMENTAÇÃO;DESPESA;-R$ 14,00 ;Santander;Corrente;ESSENCIAIS
2025-09-01;SETEMBRO;PANIFICADORA ELDORADO  JOAO PESSOA   BRA;ALIMENTAÇÃO;DESPESA;-R$ 13,69 ;Inter;Corrente;ESSENCIAIS
2025-10-31;NOVEMBRO;INGA VINHOS FINOS;ALIMENTAÇÃO;DESPESA;-R$ 13,64 ; Caixa ;Corrente;ESSENCIAIS
2025-07-01;JULHO;PANIFICADORA ELDORADO  JOAO PESSOA   BRA;ALIMENTAÇÃO;DESPESA;-R$ 13,50 ;Inter;Corrente;ESSENCIAIS
2025-04-01;ABRIL;DANIEL FRUTAS          JOAO PESSOA   BRA;ALIMENTAÇÃO;DESPESA;-R$ 13,00 ;Inter;Corrente;ESSENCIAIS
2025-04-01;ABRIL;TAPIOCARIA DO IRMAO FI;ALIMENTAÇÃO;DESPESA;-R$ 13,00 ;Santander;Corrente;ESSENCIAIS
2025-07-01;JULHO;ELIANE AUGUSTO         JOAO PESSOA   BRA;ALIMENTAÇÃO;DESPESA;-R$ 13,00 ;Inter;Corrente;ESSENCIAIS
2025-03-01;MARÇO;MP *ESPETTOSTITO;ALIMENTAÇÃO;DESPESA;-R$ 13,00 ;Santander;Corrente;ESSENCIAIS
2025-04-01;ABRIL;IFD IFOOD CLUB         Osasco        BRA;ALIMENTAÇÃO;DESPESA;-R$ 12,90 ;Inter;Corrente;ESSENCIAIS
2025-08-01;AGOSTO;IFD IFOOD CLUB         Osasco        BRA;ALIMENTAÇÃO;DESPESA;-R$ 12,90 ;Inter;Corrente;ESSENCIAIS
2025-02-01;FEVEREIRO;IFD IFOOD CLUB         Osasco        BRA;ALIMENTAÇÃO;DESPESA;-R$ 12,90 ;Inter;Corrente;ESSENCIAIS
2025-01-01;JANEIRO;IFD IFOOD CLUB         Osasco        BRA;ALIMENTAÇÃO;DESPESA;-R$ 12,90 ;Inter;Corrente;ESSENCIAIS
2025-07-01;JULHO;IFD IFOOD CLUB         Osasco        BRA;ALIMENTAÇÃO;DESPESA;-R$ 12,90 ;Inter;Corrente;ESSENCIAIS
2025-06-01;JUNHO;IFD IFOOD CLUB         OSASCO        BRA;ALIMENTAÇÃO;DESPESA;-R$ 12,90 ;Inter;Corrente;ESSENCIAIS
2025-05-01;MAIO;IFD IFOOD CLUB         Osasco        BRA;ALIMENTAÇÃO;DESPESA;-R$ 12,90 ;Inter;Corrente;ESSENCIAIS
2025-03-01;MARÇO;IFD IFOOD CLUB         Osasco        BRA;ALIMENTAÇÃO;DESPESA;-R$ 12,90 ;Inter;Corrente;ESSENCIAIS
2025-10-01;OUTUBRO;IFD IFOOD CLUB         Osasco        BRA;ALIMENTAÇÃO;DESPESA;-R$ 12,90 ;Inter;Corrente;ESSENCIAIS
2025-09-01;SETEMBRO;IFD IFOOD CLUB         Osasco        BRA;ALIMENTAÇÃO;DESPESA;-R$ 12,90 ;Inter;Corrente;ESSENCIAIS
2025-10-18;NOVEMBRO;IFD IFOOD CLUB         Osasco        BRA;ALIMENTAÇÃO;DESPESA;-R$ 12,90 ;Inter;Corrente;ESSENCIAIS
2025-02-01;FEVEREIRO;PANIFICADORA ELDORADO;ALIMENTAÇÃO;DESPESA;-R$ 12,51 ;Santander;Corrente;ESSENCIAIS
2025-02-01;FEVEREIRO;PG *TON ELI SOMBRINH;ALIMENTAÇÃO;DESPESA;-R$ 12,00 ;Santander;Corrente;ESSENCIAIS
2025-07-01;JULHO;39928925GUSTAVO;ALIMENTAÇÃO;DESPESA;-R$ 12,00 ;Santander;Corrente;ESSENCIAIS
2025-07-01;JULHO;SH LANCHES             JOAO PESSOA   BRA;ALIMENTAÇÃO;DESPESA;-R$ 12,00 ;Inter;Corrente;ESSENCIAIS
2025-09-01;SETEMBRO;VITORIAVERDUR;ALIMENTAÇÃO;DESPESA;-R$ 12,00 ;Santander;Corrente;ESSENCIAIS
2025-10-22;NOVEMBRO;ALBERTODASILVAALV      PEDRAS DE FOG BRA;ALIMENTAÇÃO;DESPESA;-R$ 12,00 ;Inter;Corrente;ESSENCIAIS
2025-07-01;JULHO;PANIFICADORA ELDORADO  JOAO PESSOA   BRA;ALIMENTAÇÃO;DESPESA;-R$ 11,87 ;Inter;Corrente;ESSENCIAIS
2025-05-01;MAIO;PANIFICADORA PANDELLY  JOAO PESSOA   BRA;ALIMENTAÇÃO;DESPESA;-R$ 11,84 ;Inter;Corrente;ESSENCIAIS
2025-07-01;JULHO;SUPERMERCADOS SAO JOAO JOAO PESSOA   076;ALIMENTAÇÃO;DESPESA;-R$ 11,08 ;Inter;Corrente;ESSENCIAIS
2025-04-01;ABRIL;GALEGA DA TAPIOCA      JOAO PESSOA   BRA;ALIMENTAÇÃO;DESPESA;-R$ 11,00 ;Inter;Corrente;ESSENCIAIS
2025-04-01;ABRIL;JoacyAntonioDe         JOAO PESSOA   BRA;ALIMENTAÇÃO;DESPESA;-R$ 11,00 ;Inter;Corrente;ESSENCIAIS
2025-08-01;AGOSTO;SUSHI HOUSE PICUI;ALIMENTAÇÃO;DESPESA;-R$ 11,00 ;Santander;Corrente;ESSENCIAIS
2025-07-01;JULHO;YURIAMARALCATAO;ALIMENTAÇÃO;DESPESA;-R$ 11,00 ;Santander;Corrente;ESSENCIAIS
2025-10-08;NOVEMBRO;EMPADINHA BARNABE      JOAO PESSOA   BRA;ALIMENTAÇÃO;DESPESA;-R$ 11,00 ;Inter;Corrente;ESSENCIAIS
2025-10-01;OUTUBRO;MP *SUPVITORIA;ALIMENTAÇÃO;DESPESA;-R$ 10,99 ;Santander;Corrente;ESSENCIAIS
2025-10-20;NOVEMBRO;PANIFICADORA ELDORADO;ALIMENTAÇÃO;DESPESA;-R$ 10,82 ;Inter;Corrente;ESSENCIAIS
2025-02-01;FEVEREIRO;PANIFICADORA ELDORADO;ALIMENTAÇÃO;DESPESA;-R$ 10,50 ;Santander;Corrente;ESSENCIAIS
2025-05-01;MAIO;FRUTASEMGERAL          JOAO PESSOA   BRA;ALIMENTAÇÃO;DESPESA;-R$ 10,50 ;Inter;Corrente;ESSENCIAIS
2025-03-01;MARÇO;MP  FRUTAS             OSASCO        BRA;ALIMENTAÇÃO;DESPESA;-R$ 10,50 ;Inter;Corrente;ESSENCIAIS
2025-02-01;FEVEREIRO;ValdenesLiberato       JOAO PESSOA   BRA;ALIMENTAÇÃO;DESPESA;-R$ 10,39 ;Inter;Corrente;ESSENCIAIS
2025-01-01;JANEIRO;ValdenesLiberato       JOAO PESSOA   BRA;ALIMENTAÇÃO;DESPESA;-R$ 10,39 ;Inter;Corrente;ESSENCIAIS
2025-05-01;MAIO;ligia taise dos santo  UBERLANDIA    BRA;ALIMENTAÇÃO;DESPESA;-R$ 10,33 ;Inter;Corrente;ESSENCIAIS
2025-08-01;AGOSTO;JG BOLOS E TORTAS CONF JOAO PESSOA   BRA;ALIMENTAÇÃO;DESPESA;-R$ 10,00 ;Inter;Corrente;ESSENCIAIS
2025-07-01;JULHO;MEEP PA*KRS GESTAO DE;ALIMENTAÇÃO;DESPESA;-R$ 10,00 ;Santander;Corrente;ESSENCIAIS
2025-07-01;JULHO;SACOLAO MIRAMAR        JOAO PESSOA   BRA;ALIMENTAÇÃO;DESPESA;-R$ 10,00 ;Inter;Corrente;ESSENCIAIS
2025-06-01;JUNHO;JG BOLOS E TORTAS CONF JOAO PESSOA   BRA;ALIMENTAÇÃO;DESPESA;-R$ 10,00 ;Inter;Corrente;ESSENCIAIS
2025-06-01;JUNHO;MP  JOSEFA1969         OSASCO        BRA;ALIMENTAÇÃO;DESPESA;-R$ 10,00 ;Inter;Corrente;ESSENCIAIS
2025-03-01;MARÇO;MP  PARKAMERICAN       Joo Pessoa    BRA;ALIMENTAÇÃO;DESPESA;-R$ 10,00 ;Inter;Corrente;ESSENCIAIS
2025-10-01;OUTUBRO;COZINHA DA VOVO        JOAO PESSOA   BRA;ALIMENTAÇÃO;DESPESA;-R$ 10,00 ;Inter;Corrente;ESSENCIAIS
2025-09-01;SETEMBRO;JAMPIOCA               Joo Pessoa    BRA;ALIMENTAÇÃO;DESPESA;-R$ 10,00 ;Inter;Corrente;ESSENCIAIS
2025-11-02;NOVEMBRO;SORV MILK;ALIMENTAÇÃO;DESPESA;-R$ 10,00 ;Santander;Corrente;ESSENCIAIS
2025-10-31;NOVEMBRO;PANIFICADORA ELDORADO;ALIMENTAÇÃO;DESPESA;-R$ 9,50 ; Caixa ;Corrente;ESSENCIAIS
2025-11-02;NOVEMBRO;MP *PANIFICADORAE;ALIMENTAÇÃO;DESPESA;-R$ 9,49 ;Santander;Corrente;QUALIDADE_DE_VIDA
2025-04-01;ABRIL;CONFEITARIA AMOR ART   JOAO PESSOA   BRA;ALIMENTAÇÃO;DESPESA;-R$ 9,00 ;Inter;Corrente;ESSENCIAIS
2025-06-01;JUNHO;ESPIRAL                JOAO PESSOA   BRA;ALIMENTAÇÃO;DESPESA;-R$ 9,00 ;Inter;Corrente;ESSENCIAIS
2025-03-01;MARÇO;CONVENIENCIA;ALIMENTAÇÃO;DESPESA;-R$ 9,00 ;Santander;Corrente;ESSENCIAIS
2025-09-01;SETEMBRO;QUICKMOBISOLUCOES;ALIMENTAÇÃO;DESPESA;-R$ 9,00 ;Santander;Corrente;ESSENCIAIS
2025-07-01;JULHO;IFD IFOOD CLUB         Osasco        BRA;ALIMENTAÇÃO;DESPESA;-R$ 8,97 ;Inter;Corrente;ESSENCIAIS
2025-06-01;JUNHO;PANIFICADORA ELDORADO  JOAO PESSOA   BRA;ALIMENTAÇÃO;DESPESA;-R$ 8,65 ;Inter;Corrente;ESSENCIAIS
2025-10-01;OUTUBRO;ZeneideDosSantos       BAYEUX        BRA;ALIMENTAÇÃO;DESPESA;-R$ 8,60 ;Inter;Corrente;ESSENCIAIS
2025-04-01;ABRIL;PANIFICADORA ELDORADO  JOAO PESSOA   BRA;ALIMENTAÇÃO;DESPESA;-R$ 8,57 ;Inter;Corrente;ESSENCIAIS
2025-10-01;OUTUBRO;JS DA MACAXEIRA E BATA JOAO PESSOA   BRA;ALIMENTAÇÃO;DESPESA;-R$ 8,50 ;Inter;Corrente;ESSENCIAIS
2025-07-01;JULHO;SUPERMERCADO MIRAMAR   JOAO PESSOA   BRA;ALIMENTAÇÃO;DESPESA;-R$ 8,45 ;Inter;Corrente;ESSENCIAIS
2025-06-01;JUNHO;PANDELLY               JOAO PESSOA   BRA;ALIMENTAÇÃO;DESPESA;-R$ 8,28 ;Inter;Corrente;ESSENCIAIS
2025-08-01;AGOSTO;VIVENDA A GRANEL       JOAO PESSOA   BRA;ALIMENTAÇÃO;DESPESA;-R$ 8,06 ;Inter;Corrente;ESSENCIAIS
2025-06-01;JUNHO;MP  ELIZEUSILVA        OSASCO        BRA;ALIMENTAÇÃO;DESPESA;-R$ 8,00 ;Inter;Corrente;ESSENCIAIS
2025-03-01;MARÇO;VL6 GELATO LTDA        JOAO PESSOA   BRA;ALIMENTAÇÃO;DESPESA;-R$ 8,00 ;Inter;Corrente;ESSENCIAIS
2025-02-01;FEVEREIRO;IFD IFOOD CLUB         Osasco        BRA;ALIMENTAÇÃO;DESPESA;-R$ 7,98 ;Inter;Corrente;ESSENCIAIS
2025-01-01;JANEIRO;IFD IFOOD CLUB         Osasco        BRA;ALIMENTAÇÃO;DESPESA;-R$ 7,98 ;Inter;Corrente;ESSENCIAIS
2025-02-01;FEVEREIRO;EPITACIO PESSOA DRIVE  JOAO PESSOA   BRA;ALIMENTAÇÃO;DESPESA;-R$ 7,90 ;Inter;Corrente;ESSENCIAIS
2025-01-01;JANEIRO;EPITACIO PESSOA DRIVE  JOAO PESSOA   BRA;ALIMENTAÇÃO;DESPESA;-R$ 7,90 ;Inter;Corrente;ESSENCIAIS
2025-07-01;JULHO;SUBWAY;ALIMENTAÇÃO;DESPESA;-R$ 7,50 ;Santander;Corrente;ESSENCIAIS
2025-05-01;MAIO;ATACAREJO FORROCK      CABEDELO      BRA;ALIMENTAÇÃO;DESPESA;-R$ 7,36 ;Inter;Corrente;ESSENCIAIS
2025-05-01;MAIO;PANIFICADORA ELDORADO  JOAO PESSOA   BRA;ALIMENTAÇÃO;DESPESA;-R$ 7,27 ;Inter;Corrente;ESSENCIAIS
2025-03-01;MARÇO;YURIAMARALCATAO;ALIMENTAÇÃO;DESPESA;-R$ 7,00 ;Santander;Corrente;ESSENCIAIS
2025-03-01;MARÇO;MUNDO DOS PASTEIS;ALIMENTAÇÃO;DESPESA;-R$ 7,00 ;Santander;Corrente;ESSENCIAIS
2025-10-01;OUTUBRO;JacquelineDos          JOAO PESSOA   BRA;ALIMENTAÇÃO;DESPESA;-R$ 7,00 ;Inter;Corrente;ESSENCIAIS
2025-09-01;SETEMBRO;GALEGA DA TAPIOCA;ALIMENTAÇÃO;DESPESA;-R$ 7,00 ;Santander;Corrente;ESSENCIAIS
2025-10-22;NOVEMBRO;GALEGA DA TAPIOCA      JOAO PESSOA   BRA;ALIMENTAÇÃO;DESPESA;-R$ 7,00 ;Inter;Corrente;ESSENCIAIS
2025-03-01;MARÇO;PANIFICADORA ELDORADO  JOAO PESSOA   BRA;ALIMENTAÇÃO;DESPESA;-R$ 6,80 ;Inter;Corrente;ESSENCIAIS
2025-10-01;OUTUBRO;ASSAI ATACADISTA LJ77  JOAO PESSOA   BRA;ALIMENTAÇÃO;DESPESA;-R$ 6,50 ;Inter;Corrente;ESSENCIAIS
2025-06-01;JUNHO;GALEGA DA TAPIOCA      JOAO PESSOA   BRA;ALIMENTAÇÃO;DESPESA;-R$ 6,00 ;Inter;Corrente;ESSENCIAIS
2025-05-01;MAIO;GALEGA DA TAPIOCA      JOAO PESSOA   BRA;ALIMENTAÇÃO;DESPESA;-R$ 6,00 ;Inter;Corrente;ESSENCIAIS
2025-03-01;MARÇO;YURIAMARALCATAO;ALIMENTAÇÃO;DESPESA;-R$ 6,00 ;Santander;Corrente;ESSENCIAIS
2025-03-01;MARÇO;ROBERTA                JOAO PESSOA   BRA;ALIMENTAÇÃO;DESPESA;-R$ 6,00 ;Inter;Corrente;ESSENCIAIS
2025-09-01;SETEMBRO;REGINALDO HORTIFRUTI;ALIMENTAÇÃO;DESPESA;-R$ 6,00 ;Santander;Corrente;ESSENCIAIS
2025-09-01;SETEMBRO;ALFREDO BENEVIDES BARR JOAO PESSOA   BRA;ALIMENTAÇÃO;DESPESA;-R$ 6,00 ;Inter;Corrente;ESSENCIAIS
2025-10-09;NOVEMBRO;MP  JAMPIOCA           Joo Pessoa    BRA;ALIMENTAÇÃO;DESPESA;-R$ 6,00 ;Inter;Corrente;ESSENCIAIS
2025-10-01;OUTUBRO;PANIFICADORA PANDELLY  JOAO PESSOA   BRA;ALIMENTAÇÃO;DESPESA;-R$ 5,96 ;Inter;Corrente;ESSENCIAIS
2025-04-01;ABRIL;REDE DA ECONOMIA       JOAO PESSOA   BRA;ALIMENTAÇÃO;DESPESA;-R$ 5,79 ;Inter;Corrente;ESSENCIAIS
2025-10-09;NOVEMBRO;PDV CANTINHO DAS ARTES JOAO PESSOA   BRA;ALIMENTAÇÃO;DESPESA;-R$ 5,70 ;Inter;Corrente;ESSENCIAIS
2025-04-01;ABRIL;REGINALDO HORTIFRUTI   JOAO PESSOA   BRA;ALIMENTAÇÃO;DESPESA;-R$ 5,50 ;Inter;Corrente;ESSENCIAIS
2025-02-01;FEVEREIRO;PANIFICADORA ELDORADO;ALIMENTAÇÃO;DESPESA;-R$ 5,33 ;Santander;Corrente;ESSENCIAIS
2025-08-01;AGOSTO;SUPERMERCADO MIRAMAR   JOAO PESSOA   BRA;ALIMENTAÇÃO;DESPESA;-R$ 5,30 ;Inter;Corrente;ESSENCIAIS
2025-07-01;JULHO;LUCAS GALETO           JOAO PESSOA   BRA;ALIMENTAÇÃO;DESPESA;-R$ 5,20 ;Inter;Corrente;ESSENCIAIS
2025-07-01;JULHO;GIRLENENASCIM          Osasco        BRA;ALIMENTAÇÃO;DESPESA;-R$ 5,00 ;Inter;Corrente;ESSENCIAIS
2025-06-01;JUNHO;JANAYNEGUIMARAESD      SANTA RITA    BRA;ALIMENTAÇÃO;DESPESA;-R$ 5,00 ;Inter;Corrente;ESSENCIAIS
2025-05-01;MAIO;ALE PESSOA TORTAS      JOAO PESSOA   BRA;ALIMENTAÇÃO;DESPESA;-R$ 5,00 ;Inter;Corrente;ESSENCIAIS
2025-10-01;OUTUBRO;MP  ELIZEUSILVA        Osasco        BRA;ALIMENTAÇÃO;DESPESA;-R$ 5,00 ;Inter;Corrente;ESSENCIAIS
2025-09-01;SETEMBRO;NOBREGA E CABRAL SERVI JOAO PESSOA   BRA;ALIMENTAÇÃO;DESPESA;-R$ 5,00 ;Inter;Corrente;ESSENCIAIS
2025-04-01;ABRIL;EXTREMO ORIENTAL DELIV;ALIMENTAÇÃO;DESPESA;-R$ 4,50 ;Santander;Corrente;ESSENCIAIS
2025-02-01;FEVEREIRO;FABRICA DE CHOCOLATE;ALIMENTAÇÃO;DESPESA;-R$ 4,00 ;Santander;Corrente;ESSENCIAIS
2025-10-01;OUTUBRO;PEDRO FRUTAS           JOAO PESSOA   BRA;ALIMENTAÇÃO;DESPESA;-R$ 4,00 ;Inter;Corrente;ESSENCIAIS
2025-10-01;OUTUBRO;CONFEITARIA AMOR ART   JOAO PESSOA   BRA;ALIMENTAÇÃO;DESPESA;-R$ 4,00 ;Inter;Corrente;ESSENCIAIS
2025-07-01;JULHO;MANGAIO                JOAO PESSOA   BRA;ALIMENTAÇÃO;DESPESA;-R$ 3,00 ;Inter;Corrente;ESSENCIAIS
2025-03-01;MARÇO;RAPATACHO;ALIMENTAÇÃO;DESPESA;-R$ 3,00 ;Santander;Corrente;ESSENCIAIS
2025-10-07;NOVEMBRO;EFOOD LANCHONETE CAFE  JOAO PESSOA   BRA;ALIMENTAÇÃO;DESPESA;-R$ 3,00 ;Inter;Corrente;ESSENCIAIS
2025-06-01;JUNHO;JOSE ARMANDO PORTO;ALIMENTAÇÃO;DESPESA;-R$ 1,50 ;Santander;Corrente;ESSENCIAIS
2025-05-01;MAIO;JOSE ARMANDO PORTO;ALIMENTAÇÃO;DESPESA;-R$ 1,50 ;Santander;Corrente;ESSENCIAIS
2025-06-23;NOVEMBRO;MOVIDA RAC JOEP;ALUGUEL CARRO;DESPESA;-R$ 104,58 ;Inter;Corrente;QUALIDADE_DE_VIDA
2025-09-01;SETEMBRO;GLOBO Combo            RIO DE JANEIR BRA;ASSINATURA;DESPESA;-R$ 144,00 ;Inter;Corrente;QUALIDADE_DE_VIDA
2025-06-01;JUNHO;OPENAI  CHATGPT SUBSCR SAN FRANCISCO CA;ASSINATURA;DESPESA;-R$ 118,68 ;Inter;Corrente;QUALIDADE_DE_VIDA
2025-08-01;AGOSTO;Google ChatGPT         SAO PAULO     BRA;ASSINATURA;DESPESA;-R$ 95,99 ;Inter;Corrente;QUALIDADE_DE_VIDA
2025-07-01;JULHO;Google ChatGPT         SAO PAULO     BRA;ASSINATURA;DESPESA;-R$ 95,99 ;Inter;Corrente;QUALIDADE_DE_VIDA
2025-10-01;OUTUBRO;Google ChatGPT         SAO PAULO     BRA;ASSINATURA;DESPESA;-R$ 95,99 ;Inter;Corrente;QUALIDADE_DE_VIDA
2025-09-01;SETEMBRO;Google ChatGPT         SAO PAULO     BRA;ASSINATURA;DESPESA;-R$ 95,99 ;Inter;Corrente;QUALIDADE_DE_VIDA
2025-10-09;NOVEMBRO;Google ChatGPT         SAO PAULO     BRA;ASSINATURA;DESPESA;-R$ 95,99 ;Inter;Corrente;QUALIDADE_DE_VIDA
2025-02-01;FEVEREIRO;AMAZON MARKETPLACE;ASSINATURA;DESPESA;-R$ 68,96 ;Santander;Corrente;QUALIDADE_DE_VIDA
2025-02-01;FEVEREIRO;MCAFEE CS3626          SAO PAULO     BRA;ASSINATURA;DESPESA;-R$ 49,90 ;Inter;Corrente;QUALIDADE_DE_VIDA
2025-01-01;JANEIRO;MCAFEE CS3626          SAO PAULO     BRA;ASSINATURA;DESPESA;-R$ 49,90 ;Inter;Corrente;QUALIDADE_DE_VIDA
2025-10-01;OUTUBRO;Globo Combo            RIO DE JANEIR BRA;ASSINATURA;DESPESA;-R$ 36,90 ;Inter;Corrente;QUALIDADE_DE_VIDA
2025-09-01;SETEMBRO;Globo Combo            RIO DE JANEIR BRA;ASSINATURA;DESPESA;-R$ 36,90 ;Inter;Corrente;QUALIDADE_DE_VIDA
2025-08-06;NOVEMBRO;CRED PARC LOJ PARCELA;ASSINATURA;DESPESA;-R$ 36,90 ;Inter;Corrente;QUALIDADE_DE_VIDA
2025-08-06;NOVEMBRO;Globo Combo            RIO DE JANEIR BRA;ASSINATURA;DESPESA;-R$ 36,90 ;Inter;Corrente;QUALIDADE_DE_VIDA
2025-10-27;NOVEMBRO;AMAZON BR;ASSINATURA;DESPESA;-R$ 33,63 ;Inter;Corrente;ESSENCIAIS
2025-10-25;NOVEMBRO;Globo Premiere;ASSINATURA;DESPESA;-R$ 29,90 ;Inter;Corrente;QUALIDADE_DE_VIDA
2025-08-01;AGOSTO;GOOGLE YOUTUBEPREMIUM;ASSINATURA;DESPESA;-R$ 26,90 ;Santander;Corrente;QUALIDADE_DE_VIDA
2025-07-01;JULHO;GOOGLE YOUTUBEPREMIUM;ASSINATURA;DESPESA;-R$ 26,90 ;Santander;Corrente;QUALIDADE_DE_VIDA
2025-10-01;OUTUBRO;GOOGLE YOUTUBEPREMIUM;ASSINATURA;DESPESA;-R$ 26,90 ;Santander;Corrente;QUALIDADE_DE_VIDA
2025-10-01;OUTUBRO;GOOGLE YOUTUBEPREMIUM;ASSINATURA;DESPESA;-R$ 26,90 ;Santander;Corrente;QUALIDADE_DE_VIDA
2025-09-01;SETEMBRO;GOOGLE YOUTUBEPREMIUM;ASSINATURA;DESPESA;-R$ 26,90 ;Santander;Corrente;QUALIDADE_DE_VIDA
2025-04-01;ABRIL;GOOGLE YOUTUBEPREMIUM;ASSINATURA;DESPESA;-R$ 24,90 ;Santander;Corrente;QUALIDADE_DE_VIDA
2025-02-01;FEVEREIRO;GOOGLE YOUTUBEPREMIUM;ASSINATURA;DESPESA;-R$ 24,90 ;Santander;Corrente;QUALIDADE_DE_VIDA
2025-02-01;FEVEREIRO;GOOGLE YOUTUBEPREMIUM;ASSINATURA;DESPESA;-R$ 24,90 ;Santander;Corrente;QUALIDADE_DE_VIDA
2025-01-01;JANEIRO;GOOGLE YOUTUBEPREMIUM;ASSINATURA;DESPESA;-R$ 24,90 ;Santander;Corrente;QUALIDADE_DE_VIDA
2025-01-01;JANEIRO;GOOGLE YOUTUBEPREMIUM;ASSINATURA;DESPESA;-R$ 24,90 ;Santander;Corrente;QUALIDADE_DE_VIDA
2025-06-01;JUNHO;GOOGLE YOUTUBEPREMIUM;ASSINATURA;DESPESA;-R$ 24,90 ;Santander;Corrente;QUALIDADE_DE_VIDA
2025-05-01;MAIO;GOOGLE YOUTUBEPREMIUM;ASSINATURA;DESPESA;-R$ 24,90 ;Santander;Corrente;QUALIDADE_DE_VIDA
2025-03-01;MARÇO;GOOGLE YOUTUBEPREMIUM;ASSINATURA;DESPESA;-R$ 24,90 ;Santander;Corrente;QUALIDADE_DE_VIDA
2025-04-01;ABRIL;Amazon Prime Canais    SAO PAULO     BRA;ASSINATURA;DESPESA;-R$ 21,90 ;Inter;Corrente;QUALIDADE_DE_VIDA
2025-05-01;MAIO;Amazon Prime Canais    SAO PAULO     BRA;ASSINATURA;DESPESA;-R$ 21,90 ;Inter;Corrente;QUALIDADE_DE_VIDA
2025-08-01;AGOSTO;NETFLIX COM            SAO PAULO     BRA;ASSINATURA;DESPESA;-R$ 20,90 ;Inter;Corrente;QUALIDADE_DE_VIDA
2025-07-01;JULHO;NETFLIX COM            SAO PAULO     BRA;ASSINATURA;DESPESA;-R$ 20,90 ;Inter;Corrente;QUALIDADE_DE_VIDA
2025-06-01;JUNHO;NETFLIX COM            SAO PAULO     BRA;ASSINATURA;DESPESA;-R$ 20,90 ;Inter;Corrente;QUALIDADE_DE_VIDA
2025-10-01;OUTUBRO;NETFLIX COM            SAO PAULO     BRA;ASSINATURA;DESPESA;-R$ 20,90 ;Inter;Corrente;QUALIDADE_DE_VIDA
2025-09-01;SETEMBRO;NETFLIX COM            SAO PAULO     BRA;ASSINATURA;DESPESA;-R$ 20,90 ;Inter;Corrente;QUALIDADE_DE_VIDA
2025-10-19;NOVEMBRO;NETFLIX COM            SAO PAULO     BRA;ASSINATURA;DESPESA;-R$ 20,90 ;Inter;Corrente;QUALIDADE_DE_VIDA
2025-04-01;ABRIL;AmazonPrimeBR          SAO PAULO     BRA;ASSINATURA;DESPESA;-R$ 19,90 ;Inter;Corrente;QUALIDADE_DE_VIDA
2025-08-01;AGOSTO;AmazonPrimeBR          SAO PAULO     BRA;ASSINATURA;DESPESA;-R$ 19,90 ;Inter;Corrente;QUALIDADE_DE_VIDA
2025-02-01;FEVEREIRO;AmazonPrimeBR          SAO PAULO     BRA;ASSINATURA;DESPESA;-R$ 19,90 ;Inter;Corrente;QUALIDADE_DE_VIDA
2025-01-01;JANEIRO;AmazonPrimeBR          SAO PAULO     BRA;ASSINATURA;DESPESA;-R$ 19,90 ;Inter;Corrente;QUALIDADE_DE_VIDA
2025-07-01;JULHO;AmazonPrimeBR          SAO PAULO     BRA;ASSINATURA;DESPESA;-R$ 19,90 ;Inter;Corrente;QUALIDADE_DE_VIDA
2025-06-01;JUNHO;AMAZONPRIMEBR          SAO PAULO     BRA;ASSINATURA;DESPESA;-R$ 19,90 ;Inter;Corrente;QUALIDADE_DE_VIDA
2025-05-01;MAIO;AmazonPrimeBR          SAO PAULO     BRA;ASSINATURA;DESPESA;-R$ 19,90 ;Inter;Corrente;QUALIDADE_DE_VIDA
2025-03-01;MARÇO;AmazonPrimeBR          SAO PAULO     BRA;ASSINATURA;DESPESA;-R$ 19,90 ;Inter;Corrente;QUALIDADE_DE_VIDA
2025-10-01;OUTUBRO;AmazonPrimeBR          SAO PAULO     BRA;ASSINATURA;DESPESA;-R$ 19,90 ;Inter;Corrente;QUALIDADE_DE_VIDA
2025-09-01;SETEMBRO;AmazonPrimeBR          SAO PAULO     BRA;ASSINATURA;DESPESA;-R$ 19,90 ;Inter;Corrente;QUALIDADE_DE_VIDA
2025-10-10;NOVEMBRO;AmazonPrimeBR          SAO PAULO     BRA;ASSINATURA;DESPESA;-R$ 19,90 ;Inter;Corrente;QUALIDADE_DE_VIDA
2025-03-01;MARÇO;KIWIFY;ASSINATURA;DESPESA;-R$ 19,77 ;Santander;Corrente;QUALIDADE_DE_VIDA
2025-09-01;SETEMBRO;GLOBO Combo            RIO DE JANEIR BRA;ASSINATURA;DESPESA;-R$ 12,00 ;Inter;Corrente;QUALIDADE_DE_VIDA
2025-09-01;SETEMBRO;GLOBO Combo            RIO DE JANEIR BRA;ASSINATURA;DESPESA;-R$ 12,00 ;Inter;Corrente;QUALIDADE_DE_VIDA
2025-09-01;SETEMBRO;GLOBO Combo            RIO DE JANEIR BRA;ASSINATURA;DESPESA;-R$ 12,00 ;Inter;Corrente;QUALIDADE_DE_VIDA
2025-09-01;SETEMBRO;GLOBO Combo            RIO DE JANEIR BRA;ASSINATURA;DESPESA;-R$ 12,00 ;Inter;Corrente;QUALIDADE_DE_VIDA
2025-09-01;SETEMBRO;GLOBO Combo            RIO DE JANEIR BRA;ASSINATURA;DESPESA;-R$ 12,00 ;Inter;Corrente;QUALIDADE_DE_VIDA
2025-09-01;SETEMBRO;GLOBO Combo            RIO DE JANEIR BRA;ASSINATURA;DESPESA;-R$ 12,00 ;Inter;Corrente;QUALIDADE_DE_VIDA
2025-09-01;SETEMBRO;GLOBO Combo            RIO DE JANEIR BRA;ASSINATURA;DESPESA;-R$ 12,00 ;Inter;Corrente;QUALIDADE_DE_VIDA
2025-09-01;SETEMBRO;GLOBO Combo            RIO DE JANEIR BRA;ASSINATURA;DESPESA;-R$ 12,00 ;Inter;Corrente;QUALIDADE_DE_VIDA
2025-09-01;SETEMBRO;GLOBO Combo            RIO DE JANEIR BRA;ASSINATURA;DESPESA;-R$ 12,00 ;Inter;Corrente;QUALIDADE_DE_VIDA
2025-09-01;SETEMBRO;GLOBO Combo            RIO DE JANEIR BRA;ASSINATURA;DESPESA;-R$ 12,00 ;Inter;Corrente;QUALIDADE_DE_VIDA
2025-09-01;SETEMBRO;GLOBO Combo            RIO DE JANEIR BRA;ASSINATURA;DESPESA;-R$ 12,00 ;Inter;Corrente;QUALIDADE_DE_VIDA
2025-09-01;SETEMBRO;GLOBO Combo            RIO DE JANEIR BRA;ASSINATURA;DESPESA;-R$ 12,00 ;Inter;Corrente;QUALIDADE_DE_VIDA
2025-04-01;ABRIL;Amazon Music           SAO PAULO     BRA;ASSINATURA;DESPESA;-R$ 11,90 ;Inter;Corrente;QUALIDADE_DE_VIDA
2025-08-01;AGOSTO;Amazon Music           SAO PAULO     BRA;ASSINATURA;DESPESA;-R$ 11,90 ;Inter;Corrente;QUALIDADE_DE_VIDA
2025-02-01;FEVEREIRO;Amazon Music           SAO PAULO     BRA;ASSINATURA;DESPESA;-R$ 11,90 ;Inter;Corrente;QUALIDADE_DE_VIDA
2025-01-01;JANEIRO;Amazon Music           SAO PAULO     BRA;ASSINATURA;DESPESA;-R$ 11,90 ;Inter;Corrente;QUALIDADE_DE_VIDA
2025-07-01;JULHO;Amazon Music           SAO PAULO     BRA;ASSINATURA;DESPESA;-R$ 11,90 ;Inter;Corrente;QUALIDADE_DE_VIDA
2025-06-01;JUNHO;AMAZON MUSIC           SAO PAULO     BRA;ASSINATURA;DESPESA;-R$ 11,90 ;Inter;Corrente;QUALIDADE_DE_VIDA
2025-05-01;MAIO;Amazon Music           SAO PAULO     BRA;ASSINATURA;DESPESA;-R$ 11,90 ;Inter;Corrente;QUALIDADE_DE_VIDA
2025-03-01;MARÇO;Amazon Music           SAO PAULO     BRA;ASSINATURA;DESPESA;-R$ 11,90 ;Inter;Corrente;QUALIDADE_DE_VIDA
2025-10-01;OUTUBRO;Amazon Music           SAO PAULO     BRA;ASSINATURA;DESPESA;-R$ 11,90 ;Inter;Corrente;QUALIDADE_DE_VIDA
2025-09-01;SETEMBRO;Amazon Music           SAO PAULO     BRA;ASSINATURA;DESPESA;-R$ 11,90 ;Inter;Corrente;QUALIDADE_DE_VIDA
2025-10-10;NOVEMBRO;Amazon Music           SAO PAULO     BRA;ASSINATURA;DESPESA;-R$ 11,90 ;Inter;Corrente;QUALIDADE_DE_VIDA
2025-04-01;ABRIL;04 - BEÇARIO ;BABY;DESPESA;-R$ 1.275,00 ;Caixa;Corrente;ESSENCIAIS
2025-08-01;AGOSTO;04 - BEÇARIO ;BABY;DESPESA;-R$ 1.275,00 ;Caixa;Corrente;ESSENCIAIS
2025-02-01;FEVEREIRO;04 - BEÇARIO ;BABY;DESPESA;-R$ 1.275,00 ;Caixa;Corrente;ESSENCIAIS
2025-01-01;JANEIRO;04 - BEÇARIO ;BABY;DESPESA;-R$ 1.275,00 ;Caixa;Corrente;ESSENCIAIS
2025-07-01;JULHO;04 - BEÇARIO ;BABY;DESPESA;-R$ 1.275,00 ;Caixa;Corrente;ESSENCIAIS
2025-06-01;JUNHO;04 - BEÇARIO ;BABY;DESPESA;-R$ 1.275,00 ;Caixa;Corrente;ESSENCIAIS
2025-05-01;MAIO;04 - BEÇARIO ;BABY;DESPESA;-R$ 1.275,00 ;Caixa;Corrente;ESSENCIAIS
2025-03-01;MARÇO;04 - BEÇARIO ;BABY;DESPESA;-R$ 1.275,00 ;Caixa;Corrente;ESSENCIAIS
2025-10-01;OUTUBRO;04 - BEÇARIO ;BABY;DESPESA;-R$ 1.275,00 ;Caixa;Corrente;ESSENCIAIS
2025-09-01;SETEMBRO;04 - BEÇARIO ;BABY;DESPESA;-R$ 1.275,00 ;Caixa;Corrente;ESSENCIAIS
2025-11-01;NOVEMBRO;04 - BEÇARIO ;BABY;DESPESA;-R$ 1.275,00 ;Santander;Corrente;ESSENCIAIS
2025-08-01;AGOSTO;MP  JLDECORACAO        Osasco        BRA;BABY;DESPESA;-R$ 1.133,00 ;Inter;Corrente;ESSENCIAIS
2025-07-01;JULHO;MP  JLDECORACAO        Osasco        BRA;BABY;DESPESA;-R$ 1.133,00 ;Inter;Corrente;ESSENCIAIS
2025-09-01;SETEMBRO;MP  JLDECORACAO        Osasco        BRA;BABY;DESPESA;-R$ 1.133,00 ;Inter;Corrente;ESSENCIAIS
2025-02-01;FEVEREIRO;PIX CRED PARCELADO;BABY;DESPESA;-R$ 636,15 ;Inter;Corrente;ESSENCIAIS
2025-01-01;JANEIRO;PIX CRED PARCELADO;BABY;DESPESA;-R$ 636,15 ;Inter;Corrente;ESSENCIAIS
2025-02-01;FEVEREIRO;PIX CRED PARCELADO;BABY;DESPESA;-R$ 313,73 ;Inter;Corrente;ESSENCIAIS
2025-01-01;JANEIRO;PIX CRED PARCELADO;BABY;DESPESA;-R$ 313,73 ;Inter;Corrente;ESSENCIAIS
2025-10-19;NOVEMBRO;MP  JLDECORACAO        JOAO PESSOA   BRA;BABY;DESPESA;-R$ 300,00 ;Inter;Corrente;ESSENCIAIS
2025-04-01;ABRIL;25 - PLANO UNIMED OTTO;BABY;DESPESA;-R$ 280,00 ;Caixa;Corrente;ESSENCIAIS
2025-08-01;AGOSTO;25 - PLANO UNIMED OTTO;BABY;DESPESA;-R$ 280,00 ;Caixa;Corrente;ESSENCIAIS
2025-02-01;FEVEREIRO;25 - PLANO UNIMED OTTO;BABY;DESPESA;-R$ 280,00 ;Caixa;Corrente;ESSENCIAIS
2025-01-01;JANEIRO;25 - PLANO UNIMED OTTO;BABY;DESPESA;-R$ 280,00 ;Caixa;Corrente;ESSENCIAIS
2025-07-01;JULHO;25 - PLANO UNIMED OTTO;BABY;DESPESA;-R$ 280,00 ;Caixa;Corrente;ESSENCIAIS
2025-06-01;JUNHO;25 - PLANO UNIMED OTTO;BABY;DESPESA;-R$ 280,00 ;Caixa;Corrente;ESSENCIAIS
2025-05-01;MAIO;25 - PLANO UNIMED OTTO;BABY;DESPESA;-R$ 280,00 ;Caixa;Corrente;ESSENCIAIS
2025-03-01;MARÇO;25 - PLANO UNIMED OTTO;BABY;DESPESA;-R$ 280,00 ;Caixa;Corrente;ESSENCIAIS
2025-10-01;OUTUBRO;25 - PLANO UNIMED OTTO;BABY;DESPESA;-R$ 280,00 ;Caixa;Corrente;ESSENCIAIS
2025-09-01;SETEMBRO;25 - PLANO UNIMED OTTO;BABY;DESPESA;-R$ 280,00 ;Caixa;Corrente;ESSENCIAIS
2025-11-01;NOVEMBRO;25 - PLANO UNIMED OTTO;BABY;DESPESA;-R$ 280,00 ;Santander;Corrente;ESSENCIAIS
2025-10-21;NOVEMBRO;SPORTS E TEXTIL        JOAO PESSOA   BRA;BABY;DESPESA;-R$ 231,25 ;Inter;Corrente;ESSENCIAIS
2025-06-01;JUNHO;LIVRARIA CASA COLEGIAL JOAO PESSOA   BRA;BABY;DESPESA;-R$ 120,14 ;Inter;Corrente;ESSENCIAIS
2025-04-01;ABRIL;ATACADO DO BEBE        JOAO PESSOA   BRA;BABY;DESPESA;-R$ 119,80 ;Inter;Corrente;QUALIDADE_DE_VIDA
2025-10-08;NOVEMBRO;FTB MANGABEIRA SHOPPIN JOAO PESSOA   BRA;BABY;DESPESA;-R$ 86,25 ;Inter;Corrente;ESSENCIAIS
2025-08-01;AGOSTO;LIVRARIA CASA COLEGIAL JOAO PESSOA   BRA;BABY;DESPESA;-R$ 81,00 ;Inter;Corrente;ESSENCIAIS
2025-06-01;JUNHO;MEDERI DISTRIBUICAO E  JOAO PESSOA   BRA;BABY;DESPESA;-R$ 80,99 ;Inter;Corrente;ESSENCIAIS
2025-07-01;JULHO;ACHADINHOS UTILIDADES  JOAO PESSOA   BRA;BABY;DESPESA;-R$ 80,00 ;Inter;Corrente;ESSENCIAIS
2025-07-01;JULHO;LoopKids               JOAO PESSOA   BRA;BABY;DESPESA;-R$ 79,90 ;Inter;Corrente;QUALIDADE_DE_VIDA
2025-06-01;JUNHO;BABY SHOPPING          JOAO PESSOA   BRA;BABY;DESPESA;-R$ 79,42 ;Inter;Corrente;ESSENCIAIS
2025-03-01;MARÇO;CASA KIDS              JOAO PESSOA   BRA;BABY;DESPESA;-R$ 74,90 ;Inter;Corrente;QUALIDADE_DE_VIDA
2025-04-01;ABRIL;GI BABY                JOAO PESSOA   BRA;BABY;DESPESA;-R$ 73,40 ;Inter;Corrente;QUALIDADE_DE_VIDA
2025-05-01;MAIO;GI BABY                JOAO PESSOA   BRA;BABY;DESPESA;-R$ 73,40 ;Inter;Corrente;QUALIDADE_DE_VIDA
2025-10-01;OUTUBRO;TOP BRASIL             JOAO PESSOA   BRA;BABY;DESPESA;-R$ 72,90 ;Inter;Corrente;ESSENCIAIS
2025-07-01;JULHO;ATERET                 JOAO PESSOA   BRA;BABY;DESPESA;-R$ 72,30 ;Inter;Corrente;ESSENCIAIS
2025-06-01;JUNHO;ATERET                 JOAO PESSOA   BRA;BABY;DESPESA;-R$ 72,30 ;Inter;Corrente;ESSENCIAIS
2025-08-01;AGOSTO;AMAZON BR              SAO PAULO     BRA;BABY;DESPESA;-R$ 70,59 ;Inter;Corrente;ESSENCIAIS
2025-08-01;AGOSTO;ACHADINHOS UTILIDADES  JOAO PESSOA   BRA;BABY;DESPESA;-R$ 70,00 ;Inter;Corrente;ESSENCIAIS
2025-05-01;MAIO;ACHADINHOS UTILIDADES  JOAO PESSOA   BRA;BABY;DESPESA;-R$ 70,00 ;Inter;Corrente;ESSENCIAIS
2025-08-08;NOVEMBRO;SHOPEE  SimboraAtacado S o Paulo     BRA;BABY;DESPESA;-R$ 69,99 ;Inter;Corrente;ESSENCIAIS
2025-02-01;FEVEREIRO;PSI COM JOGOS          JOAO PESSOA   BRA;BABY;DESPESA;-R$ 67,50 ;Inter;Corrente;ESSENCIAIS
2025-01-01;JANEIRO;PSI COM JOGOS          JOAO PESSOA   BRA;BABY;DESPESA;-R$ 67,50 ;Inter;Corrente;ESSENCIAIS
2025-02-01;FEVEREIRO;PSI COM JOGOS          JOAO PESSOA   BRA;BABY;DESPESA;-R$ 57,92 ;Inter;Corrente;ESSENCIAIS
2025-01-01;JANEIRO;PSI COM JOGOS          JOAO PESSOA   BRA;BABY;DESPESA;-R$ 57,92 ;Inter;Corrente;ESSENCIAIS
2025-10-01;OUTUBRO;AMAZONMKTPLC HUMBERTOV SAO PAULO     BRA;BABY;DESPESA;-R$ 56,29 ;Inter;Corrente;ESSENCIAIS
2025-04-01;ABRIL;ATERET MANAIRA FILIAL  JOAO PESSOA   BRA;BABY;DESPESA;-R$ 54,50 ;Inter;Corrente;ESSENCIAIS
2025-05-01;MAIO;ATERET MANAIRA FILIAL  JOAO PESSOA   BRA;BABY;DESPESA;-R$ 54,50 ;Inter;Corrente;QUALIDADE_DE_VIDA
2025-03-01;MARÇO;ATERET MANAIRA FILIAL  JOAO PESSOA   BRA;BABY;DESPESA;-R$ 54,50 ;Inter;Corrente;ESSENCIAIS
2025-09-01;SETEMBRO;DAYANE DINIZ FOTOGRAFI;BABY;DESPESA;-R$ 50,00 ;Santander;Corrente;ESSENCIAIS
2025-07-01;JULHO;LoopKids               JOAO PESSOA   BRA;BABY;DESPESA;-R$ 49,90 ;Inter;Corrente;QUALIDADE_DE_VIDA
2025-10-16;NOVEMBRO;LA FESTA PRIME         JOAO PESSOA   BRA;BABY;DESPESA;-R$ 45,89 ;Inter;Corrente;ESSENCIAIS
2025-09-01;SETEMBRO;DOUTOR KIDS LTDA       JOAO PESSOA   BRA;BABY;DESPESA;-R$ 45,00 ;Inter;Corrente;ESSENCIAIS
2025-10-31;NOVEMBRO;MEDERI DISTRIBUICAO E;BABY;DESPESA;-R$ 43,64 ;Santander;Corrente;ESSENCIAIS
2025-08-08;NOVEMBRO;SHOPEE  LOJADOKADINHO  Nova Igua u   BRA;BABY;DESPESA;-R$ 43,55 ;Inter;Corrente;ESSENCIAIS
2025-10-28;NOVEMBRO;EC *RAYSSAMIRELL;BABY;DESPESA;-R$ 40,79 ;Inter;Corrente;ESSENCIAIS
2025-08-01;AGOSTO;AMAZON BR              SAO PAULO     BRA;BABY;DESPESA;-R$ 40,54 ;Inter;Corrente;ESSENCIAIS
2025-07-01;JULHO;KELLY DE FATIMA CORREI JOAO PESSOA   BRA;BABY;DESPESA;-R$ 40,05 ;Inter;Corrente;ESSENCIAIS
2025-04-01;ABRIL;ACHADINHOS UTILIDADES  JOAO PESSOA   BRA;BABY;DESPESA;-R$ 40,00 ;Inter;Corrente;ESSENCIAIS
2025-06-01;JUNHO;YUPPIEKIDS;BABY;DESPESA;-R$ 40,00 ;Santander;Corrente;ESSENCIAIS
2025-05-01;MAIO;YUPPIEKIDS;BABY;DESPESA;-R$ 40,00 ;Santander;Corrente;ESSENCIAIS
2025-10-04;NOVEMBRO;YuppieKids             JOAO PESSOA   BRA;BABY;DESPESA;-R$ 40,00 ;Inter;Corrente;ESSENCIAIS
2025-04-01;ABRIL;AMAZON BR              SAO PAULO     BRA;BABY;DESPESA;-R$ 36,74 ;Inter;Corrente;ESSENCIAIS
2025-08-01;AGOSTO;ACHADINHOS UTILIDADES  JOAO PESSOA   BRA;BABY;DESPESA;-R$ 30,00 ;Inter;Corrente;ESSENCIAIS
2025-10-15;NOVEMBRO;FotografeMais          JOAO PESSOA   BRA;BABY;DESPESA;-R$ 26,50 ;Inter;Corrente;ESSENCIAIS
2025-10-01;OUTUBRO;ATILAALAFFERREIRA;BABY;DESPESA;-R$ 26,00 ;Santander;Corrente;ESSENCIAIS
2025-10-01;OUTUBRO;AMAZONMKTPLC DAVILLAES SAO PAULO     BRA;BABY;DESPESA;-R$ 24,99 ;Inter;Corrente;ESSENCIAIS
2025-10-01;OUTUBRO;LevinComercio          JOAO PESSOA   BRA;BABY;DESPESA;-R$ 24,00 ;Inter;Corrente;ESSENCIAIS
2025-04-01;ABRIL;AMAZON BR              SAO PAULO     BRA;BABY;DESPESA;-R$ 21,89 ;Inter;Corrente;ESSENCIAIS
2025-02-01;FEVEREIRO;LOOP KIDS              JOAO PESSOA   BRA;BABY;DESPESA;-R$ 20,00 ;Inter;Corrente;QUALIDADE_DE_VIDA
2025-01-01;JANEIRO;LOOP KIDS              JOAO PESSOA   BRA;BABY;DESPESA;-R$ 20,00 ;Inter;Corrente;QUALIDADE_DE_VIDA
2025-04-01;ABRIL;SHOPEE  SHPSTECNOLOGIA SAO PAULO     BRA;BABY;DESPESA;-R$ 18,37 ;Inter;Corrente;QUALIDADE_DE_VIDA
2025-08-01;AGOSTO;SHOPEE  SHPSTECNOLOGIA SAO PAULO     BRA;BABY;DESPESA;-R$ 18,37 ;Inter;Corrente;QUALIDADE_DE_VIDA
2025-07-01;JULHO;SHOPEE  SHPSTECNOLOGIA SAO PAULO     BRA;BABY;DESPESA;-R$ 18,37 ;Inter;Corrente;QUALIDADE_DE_VIDA
2025-05-01;MAIO;SHOPEE  SHPSTECNOLOGIA SAO PAULO     BRA;BABY;DESPESA;-R$ 18,37 ;Inter;Corrente;QUALIDADE_DE_VIDA
2025-03-01;MARÇO;SHOPEE  SHPSTECNOLOGIA SAO PAULO     BRA;BABY;DESPESA;-R$ 18,37 ;Inter;Corrente;QUALIDADE_DE_VIDA
2025-10-01;OUTUBRO;SHOPEE  SHPSTECNOLOGIA SAO PAULO     BRA;BABY;DESPESA;-R$ 18,37 ;Inter;Corrente;QUALIDADE_DE_VIDA
2025-01-15;NOVEMBRO;SHOPEE  SHPSTECNOLOGIA SAO PAULO     BRA;BABY;DESPESA;-R$ 18,37 ;Inter;Corrente;ESSENCIAIS
2025-09-01;SETEMBRO;Valdescefestas         JOAO PESSOA   BRA;BABY;DESPESA;-R$ 17,22 ;Inter;Corrente;ESSENCIAIS
2025-03-01;MARÇO;SHOPEE  SHPSTECNOLOGIA SAO PAULO     BRA;BABY;DESPESA;-R$ 16,87 ;Inter;Corrente;QUALIDADE_DE_VIDA
2025-10-22;NOVEMBRO;BANANA  PAI E FILHO    JOAO PESSOA   BRA;BABY;DESPESA;-R$ 16,00 ;Inter;Corrente;ESSENCIAIS
2025-10-14;NOVEMBRO;LIVRARIA CASA COLEGIAL JOAO PESSOA   BRA;BABY;DESPESA;-R$ 11,10 ;Inter;Corrente;ESSENCIAIS
2025-03-01;MARÇO;BANANA  PAI E FILHO    JOAO PESSOA   BRA;BABY;DESPESA;-R$ 11,00 ;Inter;Corrente;ESSENCIAIS
2025-08-01;AGOSTO;ACHADINHOS UTILIDADES  JOAO PESSOA   BRA;BABY;DESPESA;-R$ 10,00 ;Inter;Corrente;ESSENCIAIS
2025-02-01;FEVEREIRO;KELLY DE FATIMA CORREI JOAO PESSOA   BRA;BABY;DESPESA;-R$ 9,35 ;Inter;Corrente;ESSENCIAIS
2025-01-01;JANEIRO;KELLY DE FATIMA CORREI JOAO PESSOA   BRA;BABY;DESPESA;-R$ 9,35 ;Inter;Corrente;ESSENCIAIS
2025-10-14;NOVEMBRO;FOTOGRAFEMAIS          JOAO PESSOA   BRA;BABY;DESPESA;-R$ 3,50 ;Inter;Corrente;ESSENCIAIS
2025-08-01;AGOSTO;CENTRO DE DEPILACAO D  JOAO PESSOA   BRA;BELEZA;DESPESA;-R$ 181,00 ;Inter;Corrente;QUALIDADE_DE_VIDA
2025-04-01;ABRIL;GLEUCIA ESTUDIO DE BEL JOAO PESSOA   BRA;BELEZA;DESPESA;-R$ 115,00 ;Inter;Corrente;QUALIDADE_DE_VIDA
2025-07-01;JULHO;GLEUCIA ESTUDIO DE BEL JOAO PESSOA   BRA;BELEZA;DESPESA;-R$ 105,00 ;Inter;Corrente;QUALIDADE_DE_VIDA
2025-04-01;ABRIL;AURORA BELEZARIA       Joao Pessoa   BRA;BELEZA;DESPESA;-R$ 95,80 ;Inter;Corrente;QUALIDADE_DE_VIDA
2025-07-01;JULHO;AURORA BELEZARIA       Joao Pessoa   BRA;BELEZA;DESPESA;-R$ 70,00 ;Inter;Corrente;QUALIDADE_DE_VIDA
2025-07-01;JULHO;STELLA FERNANDES BEAUT JOAO PESSOA   BRA;BELEZA;DESPESA;-R$ 49,03 ;Inter;Corrente;QUALIDADE_DE_VIDA
2025-09-01;SETEMBRO;Achilesandrede         JOAO PESSOA   BRA;BELEZA;DESPESA;-R$ 45,00 ;Inter;Corrente;QUALIDADE_DE_VIDA
2025-06-01;JUNHO;AURORA BELEZARIA;BELEZA;DESPESA;-R$ 43,19 ;Santander;Corrente;QUALIDADE_DE_VIDA
2025-05-01;MAIO;AURORA BELEZARIA;BELEZA;DESPESA;-R$ 43,19 ;Santander;Corrente;QUALIDADE_DE_VIDA
2025-08-01;AGOSTO;AURORA BELEZARIA;BELEZA;DESPESA;-R$ 43,17 ;Santander;Corrente;QUALIDADE_DE_VIDA
2025-07-01;JULHO;AURORA BELEZARIA;BELEZA;DESPESA;-R$ 43,17 ;Santander;Corrente;QUALIDADE_DE_VIDA
2025-04-01;ABRIL;Achilesandrede         JOAO PESSOA   BRA;BELEZA;DESPESA;-R$ 40,00 ;Inter;Corrente;QUALIDADE_DE_VIDA
2025-02-01;FEVEREIRO;ACHILESANDREDE;BELEZA;DESPESA;-R$ 40,00 ;Santander;Corrente;QUALIDADE_DE_VIDA
2025-01-01;JANEIRO;ACHILESANDREDE;BELEZA;DESPESA;-R$ 40,00 ;Santander;Corrente;QUALIDADE_DE_VIDA
2025-06-01;JUNHO;AURORA BELEZARIA;BELEZA;DESPESA;-R$ 40,00 ;Santander;Corrente;QUALIDADE_DE_VIDA
2025-05-01;MAIO;AURORA BELEZARIA;BELEZA;DESPESA;-R$ 40,00 ;Santander;Corrente;QUALIDADE_DE_VIDA
2025-05-01;MAIO;EXTRA COMBUSTIVEIS     Campina Grand BRA;COMBUSTÍVEL;DESPESA;-R$ 169,00 ;Inter;Corrente;ESSENCIAIS
2025-04-01;ABRIL;POSTO OPCAO            JOAO PESSOA   BRA;COMBUSTÍVEL;DESPESA;-R$ 150,00 ;Inter;Corrente;ESSENCIAIS
2025-04-01;ABRIL;POSTO QUALITY          JOAO PESSOA   BRA;COMBUSTÍVEL;DESPESA;-R$ 150,00 ;Inter;Corrente;ESSENCIAIS
2025-03-01;MARÇO;AUTO POSTO DE COMBUSTI JOAO PESSOA   BRA;COMBUSTÍVEL;DESPESA;-R$ 150,00 ;Inter;Corrente;ESSENCIAIS
2025-03-01;MARÇO;POSTO ALTERNATIVA DE C CABEDELO      BRA;COMBUSTÍVEL;DESPESA;-R$ 150,00 ;Inter;Corrente;ESSENCIAIS
2025-03-01;MARÇO;POSTO DE COMBUSTIVEL T Joao Pessoa   BRA;COMBUSTÍVEL;DESPESA;-R$ 141,90 ;Inter;Corrente;ESSENCIAIS
2025-07-01;JULHO;POSTO EPITACIO;COMBUSTÍVEL;DESPESA;-R$ 110,94 ;Santander;Corrente;ESSENCIAIS
2025-04-01;ABRIL;POSTO OPCAO            JOAO PESSOA   BRA;COMBUSTÍVEL;DESPESA;-R$ 100,00 ;Inter;Corrente;ESSENCIAIS
2025-08-01;AGOSTO;POSTO EPITACIO         JOAO PESSOA   BRA;COMBUSTÍVEL;DESPESA;-R$ 100,00 ;Inter;Corrente;ESSENCIAIS
2025-08-01;AGOSTO;POSTO NOVA BANCARIOS   JOAO PESSOA   BRA;COMBUSTÍVEL;DESPESA;-R$ 100,00 ;Inter;Corrente;ESSENCIAIS
2025-08-01;AGOSTO;POSTO OPCAO            JOAO PESSOA   BRA;COMBUSTÍVEL;DESPESA;-R$ 100,00 ;Inter;Corrente;ESSENCIAIS
2025-08-01;AGOSTO;POSTO OPCAO            JOAO PESSOA   BRA;COMBUSTÍVEL;DESPESA;-R$ 100,00 ;Inter;Corrente;ESSENCIAIS
2025-02-01;FEVEREIRO;POSTO EPITACIO;COMBUSTÍVEL;DESPESA;-R$ 100,00 ;Santander;Corrente;ESSENCIAIS
2025-01-01;JANEIRO;POSTO EPITACIO;COMBUSTÍVEL;DESPESA;-R$ 100,00 ;Santander;Corrente;ESSENCIAIS
2025-07-01;JULHO;POSTO OPCAO            JOAO PESSOA   BRA;COMBUSTÍVEL;DESPESA;-R$ 100,00 ;Inter;Corrente;ESSENCIAIS
2025-07-01;JULHO;PostoJr                JOAO PESSOA   BRA;COMBUSTÍVEL;DESPESA;-R$ 100,00 ;Inter;Corrente;ESSENCIAIS
2025-06-01;JUNHO;POSTO EPITACIO         JOAO PESSOA   BRA;COMBUSTÍVEL;DESPESA;-R$ 100,00 ;Inter;Corrente;ESSENCIAIS
2025-06-01;JUNHO;POSTO NOVA BEIRA RIO   JOAO PESSOA   BRA;COMBUSTÍVEL;DESPESA;-R$ 100,00 ;Inter;Corrente;ESSENCIAIS
2025-06-01;JUNHO;POSTO OPCAO            JOAO PESSOA   BRA;COMBUSTÍVEL;DESPESA;-R$ 100,00 ;Inter;Corrente;ESSENCIAIS
2025-05-01;MAIO;POSTO COSTA DO SOL     JOAO PESSOA   BRA;COMBUSTÍVEL;DESPESA;-R$ 100,00 ;Inter;Corrente;ESSENCIAIS
2025-10-01;OUTUBRO;PETROBEL               Joao Pessoa   BRA;COMBUSTÍVEL;DESPESA;-R$ 100,00 ;Inter;Corrente;ESSENCIAIS
2025-10-01;OUTUBRO;POSTO OPCAO            JOAO PESSOA   BRA;COMBUSTÍVEL;DESPESA;-R$ 100,00 ;Inter;Corrente;ESSENCIAIS
2025-10-01;OUTUBRO;POSTO OPCAO            JOAO PESSOA   BRA;COMBUSTÍVEL;DESPESA;-R$ 100,00 ;Inter;Corrente;ESSENCIAIS
2025-10-01;OUTUBRO;POSTO OPCAO            JOAO PESSOA   BRA;COMBUSTÍVEL;DESPESA;-R$ 100,00 ;Inter;Corrente;ESSENCIAIS
2025-09-01;SETEMBRO;POSTO EPITACIO         JOAO PESSOA   BRA;COMBUSTÍVEL;DESPESA;-R$ 100,00 ;Inter;Corrente;ESSENCIAIS
2025-09-01;SETEMBRO;POSTO OPCAO            JOAO PESSOA   BRA;COMBUSTÍVEL;DESPESA;-R$ 100,00 ;Inter;Corrente;ESSENCIAIS
2025-09-01;SETEMBRO;PETROBEL               Joao Pessoa   BRA;COMBUSTÍVEL;DESPESA;-R$ 100,00 ;Inter;Corrente;ESSENCIAIS
2025-09-01;SETEMBRO;PETROBEL               Joao Pessoa   BRA;COMBUSTÍVEL;DESPESA;-R$ 100,00 ;Inter;Corrente;ESSENCIAIS
2025-10-04;NOVEMBRO;ESPIRITO SANTO COMERC  JOAO PESSOA   BRA;COMBUSTÍVEL;DESPESA;-R$ 100,00 ;Inter;Corrente;ESSENCIAIS
2025-10-08;NOVEMBRO;POSTO OPCAO            JOAO PESSOA   BRA;COMBUSTÍVEL;DESPESA;-R$ 100,00 ;Inter;Corrente;ESSENCIAIS
2025-10-20;NOVEMBRO;POSTO EPITACIO         JOAO PESSOA   BRA;COMBUSTÍVEL;DESPESA;-R$ 100,00 ;Inter;Corrente;ESSENCIAIS
2025-10-23;NOVEMBRO;POSTO SANTA JULIA      Joao Pessoa   BRA;COMBUSTÍVEL;DESPESA;-R$ 100,00 ;Inter;Corrente;ESSENCIAIS
2025-10-28;NOVEMBRO;PETROBEL               Joao Pessoa   BRA;COMBUSTÍVEL;DESPESA;-R$ 100,00 ;Inter;Corrente;ESSENCIAIS
2025-09-01;SETEMBRO;POSTO OPCAO;COMBUSTÍVEL;DESPESA;-R$ 95,00 ;Santander;Corrente;ESSENCIAIS
2025-10-01;OUTUBRO;GP EXCELGAS LTDA       JOAO PESSOA   BRA;COMBUSTÍVEL;DESPESA;-R$ 70,00 ;Inter;Corrente;ESSENCIAIS
2025-04-01;ABRIL;POSTO OPCAO            JOAO PESSOA   BRA;COMBUSTÍVEL;DESPESA;-R$ 50,00 ;Inter;Corrente;ESSENCIAIS
2025-06-01;JUNHO;POSTO DE COMBUSTIVEL T JOAO PESSOA   BRA;COMBUSTÍVEL;DESPESA;-R$ 50,00 ;Inter;Corrente;ESSENCIAIS
2025-05-01;MAIO;COUTINHO E COUTINHO L  JOAO PESSOA   BRA;COMBUSTÍVEL;DESPESA;-R$ 50,00 ;Inter;Corrente;ESSENCIAIS
2025-10-01;OUTUBRO;POSTO QUALITY          JOAO PESSOA   BRA;COMBUSTÍVEL;DESPESA;-R$ 50,00 ;Inter;Corrente;ESSENCIAIS
2025-09-01;SETEMBRO;POSTO EXPRESSAO        JOAO PESSOA   BRA;COMBUSTÍVEL;DESPESA;-R$ 50,00 ;Inter;Corrente;ESSENCIAIS
2025-11-02;NOVEMBRO;POSTO EPITACIO;COMBUSTÍVEL;DESPESA;-R$ 50,00 ;Santander;Corrente;FUTURO
2025-06-01;JUNHO;POSTO EPITACIO         JOAO PESSOA   BRA;COMBUSTÍVEL;DESPESA;-R$ 30,00 ;Inter;Corrente;ESSENCIAIS
2025-10-01;OUTUBRO;GP EXCELGAS LTDA       JOAO PESSOA   BRA;COMBUSTÍVEL;DESPESA;-R$ 30,00 ;Inter;Corrente;ESSENCIAIS
2025-09-01;SETEMBRO;UDEMY SUBSCRIPTION     DUBLIN        DUB;EDUCAÇÃO;DESPESA;-R$ 259,20 ;Inter;Corrente;FUTURO
2025-02-01;FEVEREIRO;HTM Fernandao Trade    Recife        PE;EDUCAÇÃO;DESPESA;-R$ 250,00 ;Inter;Corrente;FUTURO
2025-01-01;JANEIRO;HTM Fernandao Trade    Recife        PE;EDUCAÇÃO;DESPESA;-R$ 250,00 ;Inter;Corrente;FUTURO
2025-04-01;ABRIL;09 - GRADUAÇÃO SISTEMAS;EDUCAÇÃO;DESPESA;-R$ 230,00 ;Caixa;Corrente;ESSENCIAIS
2025-08-01;AGOSTO;09 - GRADUAÇÃO SISTEMAS;EDUCAÇÃO;DESPESA;-R$ 230,00 ;Caixa;Corrente;ESSENCIAIS
2025-02-01;FEVEREIRO;09 - GRADUAÇÃO SISTEMAS;EDUCAÇÃO;DESPESA;-R$ 230,00 ;Caixa;Corrente;ESSENCIAIS
2025-01-01;JANEIRO;09 - GRADUAÇÃO SISTEMAS;EDUCAÇÃO;DESPESA;-R$ 230,00 ;Caixa;Corrente;ESSENCIAIS
2025-07-01;JULHO;09 - GRADUAÇÃO SISTEMAS;EDUCAÇÃO;DESPESA;-R$ 230,00 ;Caixa;Corrente;ESSENCIAIS
2025-06-01;JUNHO;09 - GRADUAÇÃO SISTEMAS;EDUCAÇÃO;DESPESA;-R$ 230,00 ;Caixa;Corrente;ESSENCIAIS
2025-05-01;MAIO;09 - GRADUAÇÃO SISTEMAS;EDUCAÇÃO;DESPESA;-R$ 230,00 ;Caixa;Corrente;ESSENCIAIS
2025-03-01;MARÇO;09 - GRADUAÇÃO SISTEMAS;EDUCAÇÃO;DESPESA;-R$ 230,00 ;Caixa;Corrente;ESSENCIAIS
2025-10-01;OUTUBRO;09 - GRADUAÇÃO SISTEMAS;EDUCAÇÃO;DESPESA;-R$ 230,00 ;Caixa;Corrente;ESSENCIAIS
2025-09-01;SETEMBRO;09 - GRADUAÇÃO SISTEMAS;EDUCAÇÃO;DESPESA;-R$ 230,00 ;Caixa;Corrente;ESSENCIAIS
2025-11-01;NOVEMBRO;09 - GRADUAÇÃO SISTEMAS;EDUCAÇÃO;DESPESA;-R$ 230,00 ;Santander;Corrente;QUALIDADE_DE_VIDA
2025-04-01;ABRIL;PG  THIAGO LUCIANO RAN PORTO FELIZ   BRA;EDUCAÇÃO;DESPESA;-R$ 155,23 ;Inter;Corrente;FUTURO
2025-08-01;AGOSTO;PG  THIAGO LUCIANO RAN PORTO FELIZ   BRA;EDUCAÇÃO;DESPESA;-R$ 155,23 ;Inter;Corrente;FUTURO
2025-07-01;JULHO;PG  THIAGO LUCIANO RAN PORTO FELIZ   BRA;EDUCAÇÃO;DESPESA;-R$ 155,23 ;Inter;Corrente;FUTURO
2025-06-01;JUNHO;PG  THIAGO LUCIANO RAN PORTO FELIZ   BRA;EDUCAÇÃO;DESPESA;-R$ 155,23 ;Inter;Corrente;FUTURO
2025-05-01;MAIO;PG  THIAGO LUCIANO RAN PORTO FELIZ   BRA;EDUCAÇÃO;DESPESA;-R$ 155,23 ;Inter;Corrente;FUTURO
2025-10-01;OUTUBRO;PG  THIAGO LUCIANO RAN PORTO FELIZ   BRA;EDUCAÇÃO;DESPESA;-R$ 155,23 ;Inter;Corrente;FUTURO
2025-09-01;SETEMBRO;PG  THIAGO LUCIANO RAN PORTO FELIZ   BRA;EDUCAÇÃO;DESPESA;-R$ 155,23 ;Inter;Corrente;FUTURO
2025-03-10;NOVEMBRO;PG  THIAGO LUCIANO RAN PORTO FELIZ   BRA;EDUCAÇÃO;DESPESA;-R$ 155,23 ;Inter;Corrente;FUTURO
2025-04-01;ABRIL;VERSTILEDUCACIONALLTDA SAO PAULO     BRA;EDUCAÇÃO;DESPESA;-R$ 101,45 ;Inter;Corrente;FUTURO
2025-08-01;AGOSTO;VERSTILEDUCACIONALLTDA SAO PAULO     BRA;EDUCAÇÃO;DESPESA;-R$ 101,45 ;Inter;Corrente;FUTURO
2025-02-01;FEVEREIRO;VERSTILEDUCACIONALLTDA SAO PAULO     BRA;EDUCAÇÃO;DESPESA;-R$ 101,45 ;Inter;Corrente;FUTURO
2025-01-01;JANEIRO;VERSTILEDUCACIONALLTDA SAO PAULO     BRA;EDUCAÇÃO;DESPESA;-R$ 101,45 ;Inter;Corrente;FUTURO
2025-07-01;JULHO;VERSTILEDUCACIONALLTDA SAO PAULO     BRA;EDUCAÇÃO;DESPESA;-R$ 101,45 ;Inter;Corrente;FUTURO
2025-06-01;JUNHO;VERSTILEDUCACIONALLTDA SAO PAULO     BRA;EDUCAÇÃO;DESPESA;-R$ 101,45 ;Inter;Corrente;FUTURO
2025-05-01;MAIO;VERSTILEDUCACIONALLTDA SAO PAULO     BRA;EDUCAÇÃO;DESPESA;-R$ 101,45 ;Inter;Corrente;FUTURO
2025-03-01;MARÇO;VERSTILEDUCACIONALLTDA SAO PAULO     BRA;EDUCAÇÃO;DESPESA;-R$ 101,45 ;Inter;Corrente;FUTURO
2025-10-01;OUTUBRO;VERSTILEDUCACIONALLTDA SAO PAULO     BRA;EDUCAÇÃO;DESPESA;-R$ 101,45 ;Inter;Corrente;FUTURO
2025-09-01;SETEMBRO;VERSTILEDUCACIONALLTDA SAO PAULO     BRA;EDUCAÇÃO;DESPESA;-R$ 101,45 ;Inter;Corrente;FUTURO
2025-10-01;OUTUBRO;PRAIA DIGITAL          JABOATAO DOS  PE;EDUCAÇÃO;DESPESA;-R$ 88,99 ;Inter;Corrente;FUTURO
2025-10-02;NOVEMBRO;PRAIA DIGITAL          JABOATAO DOS  PE;EDUCAÇÃO;DESPESA;-R$ 88,95 ;Inter;Corrente;FUTURO
2025-02-01;FEVEREIRO;KIWIFY *IAMASTER;EDUCAÇÃO;DESPESA;-R$ 44,89 ;Santander;Corrente;FUTURO
2025-08-01;AGOSTO;HBL HBLPYCODEBR        Sapiranga     BRA;EDUCAÇÃO;DESPESA;-R$ 40,30 ;Inter;Corrente;FUTURO
2025-07-01;JULHO;HBL HBLPYCODEBR        Sapiranga     BRA;EDUCAÇÃO;DESPESA;-R$ 40,30 ;Inter;Corrente;FUTURO
2025-06-01;JUNHO;HBL HBLPYCODEBR        SAPIRANGA     BRA;EDUCAÇÃO;DESPESA;-R$ 40,30 ;Inter;Corrente;FUTURO
2025-10-01;OUTUBRO;HBL HBLPYCODEBR        Sapiranga     BRA;EDUCAÇÃO;DESPESA;-R$ 40,30 ;Inter;Corrente;FUTURO
2025-09-01;SETEMBRO;HBL HBLPYCODEBR        Sapiranga     BRA;EDUCAÇÃO;DESPESA;-R$ 40,30 ;Inter;Corrente;FUTURO
2025-05-31;NOVEMBRO;HBL*HBLPYCODEBR        Sapiranga     BRA;EDUCAÇÃO;DESPESA;-R$ 40,30 ;Inter;Corrente;FUTURO
2025-04-01;ABRIL;HTM CursoInglesP       Tijucas       BRA;EDUCAÇÃO;DESPESA;-R$ 39,62 ;Inter;Corrente;FUTURO
2025-08-01;AGOSTO;HTM CursoInglesP       Tijucas       BRA;EDUCAÇÃO;DESPESA;-R$ 39,62 ;Inter;Corrente;FUTURO
2025-02-01;FEVEREIRO;HTM CursoInglesP       Tijucas       BRA;EDUCAÇÃO;DESPESA;-R$ 39,62 ;Inter;Corrente;FUTURO
2025-01-01;JANEIRO;HTM CursoInglesP       Tijucas       BRA;EDUCAÇÃO;DESPESA;-R$ 39,62 ;Inter;Corrente;FUTURO
2025-07-01;JULHO;HTM CursoInglesP       Tijucas       BRA;EDUCAÇÃO;DESPESA;-R$ 39,62 ;Inter;Corrente;FUTURO
2025-06-01;JUNHO;HTM CURSOINGLESP       TIJUCAS       BRA;EDUCAÇÃO;DESPESA;-R$ 39,62 ;Inter;Corrente;FUTURO
2025-05-01;MAIO;HTM CursoInglesP       Tijucas       BRA;EDUCAÇÃO;DESPESA;-R$ 39,62 ;Inter;Corrente;FUTURO
2025-03-01;MARÇO;HTM CursoInglesP       Tijucas       BRA;EDUCAÇÃO;DESPESA;-R$ 39,62 ;Inter;Corrente;FUTURO
2025-09-01;SETEMBRO;HTM CursoInglesP       Tijucas       BRA;EDUCAÇÃO;DESPESA;-R$ 39,62 ;Inter;Corrente;FUTURO
2025-04-01;ABRIL;PG  KYTAR INTELIGENCIA SAO BERNARDO  BRA;EDUCAÇÃO;DESPESA;-R$ 39,00 ;Inter;Corrente;FUTURO
2025-08-01;AGOSTO;PG  KYTAR INTELIGENCIA SAO BERNARDO  BRA;EDUCAÇÃO;DESPESA;-R$ 39,00 ;Inter;Corrente;FUTURO
2025-02-01;FEVEREIRO;PG  KYTAR INTELIGENCIA SAO BERNARDO  BRA;EDUCAÇÃO;DESPESA;-R$ 39,00 ;Inter;Corrente;FUTURO
2025-01-01;JANEIRO;PG  KYTAR INTELIGENCIA SAO BERNARDO  BRA;EDUCAÇÃO;DESPESA;-R$ 39,00 ;Inter;Corrente;FUTURO
2025-07-01;JULHO;PG  KYTAR INTELIGENCIA SAO BERNARDO  BRA;EDUCAÇÃO;DESPESA;-R$ 39,00 ;Inter;Corrente;FUTURO
2025-06-01;JUNHO;PG  KYTAR INTELIGENCIA SAO BERNARDO  BRA;EDUCAÇÃO;DESPESA;-R$ 39,00 ;Inter;Corrente;FUTURO
2025-05-01;MAIO;PG  KYTAR INTELIGENCIA SAO BERNARDO  BRA;EDUCAÇÃO;DESPESA;-R$ 39,00 ;Inter;Corrente;FUTURO
2025-03-01;MARÇO;PG  KYTAR INTELIGENCIA SAO BERNARDO  BRA;EDUCAÇÃO;DESPESA;-R$ 39,00 ;Inter;Corrente;FUTURO
2025-10-01;OUTUBRO;PG  KYTAR INTELIGENCIA SAO BERNARDO  BRA;EDUCAÇÃO;DESPESA;-R$ 39,00 ;Inter;Corrente;FUTURO
2025-09-01;SETEMBRO;PG  KYTAR INTELIGENCIA SAO BERNARDO  BRA;EDUCAÇÃO;DESPESA;-R$ 39,00 ;Inter;Corrente;FUTURO
2024-12-28;NOVEMBRO;PG  KYTAR INTELIGENCIA SAO BERNARDO  BRA;EDUCAÇÃO;DESPESA;-R$ 39,00 ;Inter;Corrente;FUTURO
2025-02-01;FEVEREIRO;DM Udemy               SAO PAULO     BRA;EDUCAÇÃO;DESPESA;-R$ 29,90 ;Inter;Corrente;FUTURO
2025-02-01;FEVEREIRO;QCONCURSOS             Rio de Janei  BRA;EDUCAÇÃO;DESPESA;-R$ 29,90 ;Inter;Corrente;FUTURO
2025-01-01;JANEIRO;DM Udemy               SAO PAULO     BRA;EDUCAÇÃO;DESPESA;-R$ 29,90 ;Inter;Corrente;FUTURO
2025-01-01;JANEIRO;QCONCURSOS             Rio de Janei  BRA;EDUCAÇÃO;DESPESA;-R$ 29,90 ;Inter;Corrente;FUTURO
2025-09-01;SETEMBRO;LIVRARIA CASA COLEGIAL;EDUCAÇÃO;DESPESA;-R$ 25,90 ;Santander;Corrente;FUTURO
2025-04-01;ABRIL;KIWIFY;EDUCAÇÃO;DESPESA;-R$ 19,77 ;Santander;Corrente;FUTURO
2025-02-01;FEVEREIRO;KIWIFY;EDUCAÇÃO;DESPESA;-R$ 19,77 ;Santander;Corrente;FUTURO
2025-01-12;NOVEMBRO;Magalu Entregas        Franca        BRA;ELETRONICO;DESPESA;-R$ 224,53 ;Inter;Corrente;QUALIDADE_DE_VIDA
2025-04-01;ABRIL;AMAZON BR              SAO PAULO     BRA;ELETRONICO;DESPESA;-R$ 174,02 ;Inter;Corrente;QUALIDADE_DE_VIDA
2025-08-01;AGOSTO;AMAZON BR              SAO PAULO     BRA;ELETRONICO;DESPESA;-R$ 174,02 ;Inter;Corrente;QUALIDADE_DE_VIDA
2025-07-01;JULHO;AMAZON BR              SAO PAULO     BRA;ELETRONICO;DESPESA;-R$ 174,02 ;Inter;Corrente;QUALIDADE_DE_VIDA
2025-06-01;JUNHO;AMAZON BR              SAO PAULO     BRA;ELETRONICO;DESPESA;-R$ 174,02 ;Inter;Corrente;QUALIDADE_DE_VIDA
2025-05-01;MAIO;AMAZON BR              SAO PAULO     BRA;ELETRONICO;DESPESA;-R$ 174,02 ;Inter;Corrente;QUALIDADE_DE_VIDA
2025-03-01;MARÇO;AMAZON BR              SAO PAULO     BRA;ELETRONICO;DESPESA;-R$ 174,02 ;Inter;Corrente;QUALIDADE_DE_VIDA
2025-10-01;OUTUBRO;AMAZON BR              SAO PAULO     BRA;ELETRONICO;DESPESA;-R$ 174,02 ;Inter;Corrente;QUALIDADE_DE_VIDA
2025-09-01;SETEMBRO;AMAZON BR              SAO PAULO     BRA;ELETRONICO;DESPESA;-R$ 174,02 ;Inter;Corrente;QUALIDADE_DE_VIDA
2025-01-13;NOVEMBRO;AMAZON BR              SAO PAULO     BRA;ELETRONICO;DESPESA;-R$ 174,02 ;Inter;Corrente;QUALIDADE_DE_VIDA
2025-10-01;OUTUBRO;SHOPEE  LOJAECONOMIZEM SAO PAULO     BRA;ELETRONICO;DESPESA;-R$ 91,96 ;Inter;Corrente;QUALIDADE_DE_VIDA
2025-04-01;ABRIL;MERCADOLIVRE MNLDISTR  Osasco        BRA;ELETRONICO;DESPESA;-R$ 85,94 ;Inter;Corrente;QUALIDADE_DE_VIDA
2025-02-01;FEVEREIRO;MERCADOLIVRE MNLDISTR  Osasco        BRA;ELETRONICO;DESPESA;-R$ 85,94 ;Inter;Corrente;QUALIDADE_DE_VIDA
2025-01-01;JANEIRO;MERCADOLIVRE MNLDISTR  Osasco        BRA;ELETRONICO;DESPESA;-R$ 85,94 ;Inter;Corrente;QUALIDADE_DE_VIDA
2025-05-01;MAIO;MERCADOLIVRE MNLDISTR  Osasco        BRA;ELETRONICO;DESPESA;-R$ 85,94 ;Inter;Corrente;QUALIDADE_DE_VIDA
2025-03-01;MARÇO;MERCADOLIVRE MNLDISTR  Osasco        BRA;ELETRONICO;DESPESA;-R$ 85,94 ;Inter;Corrente;QUALIDADE_DE_VIDA
2025-10-01;OUTUBRO;Shopee SHOPEE ECOMMERC Diadema       BRA;ELETRONICO;DESPESA;-R$ 76,99 ;Inter;Corrente;QUALIDADE_DE_VIDA
2025-10-10;NOVEMBRO;AMAZON BR              SAO PAULO     BRA;ELETRONICO;DESPESA;-R$ 76,49 ;Inter;Corrente;QUALIDADE_DE_VIDA
2025-02-01;FEVEREIRO;SHOPEE  ANA1108        S o Paulo     BRA;ELETRONICO;DESPESA;-R$ 75,72 ;Inter;Corrente;QUALIDADE_DE_VIDA
2025-01-01;JANEIRO;SHOPEE  ANA1108        S o Paulo     BRA;ELETRONICO;DESPESA;-R$ 75,72 ;Inter;Corrente;QUALIDADE_DE_VIDA
2025-06-01;JUNHO;MAGALU  MAGAZINELUIZA  FRANCA        BRA;ELETRONICO;DESPESA;-R$ 70,98 ;Inter;Corrente;QUALIDADE_DE_VIDA
2025-10-01;OUTUBRO;SHOPEE  SimboraAtacado S o Paulo     BRA;ELETRONICO;DESPESA;-R$ 69,99 ;Inter;Corrente;QUALIDADE_DE_VIDA
2025-09-01;SETEMBRO;SHOPEE  SimboraAtacado S o Paulo     BRA;ELETRONICO;DESPESA;-R$ 69,99 ;Inter;Corrente;QUALIDADE_DE_VIDA
2025-09-11;NOVEMBRO;AMAZONMKTPLC HUMBERTOV SAO PAULO     BRA;ELETRONICO;DESPESA;-R$ 56,23 ;Inter;Corrente;QUALIDADE_DE_VIDA
2025-09-01;SETEMBRO;SHOPEE  PuraFesta      S o Jo o de   BRA;ELETRONICO;DESPESA;-R$ 51,65 ;Inter;Corrente;QUALIDADE_DE_VIDA
2025-04-01;ABRIL;ALIEXPRESS;ELETRONICO;DESPESA;-R$ 50,10 ;Santander;Corrente;QUALIDADE_DE_VIDA
2025-02-01;FEVEREIRO;ALIEXPRESS;ELETRONICO;DESPESA;-R$ 50,10 ;Santander;Corrente;QUALIDADE_DE_VIDA
2025-07-01;JULHO;ALIEXPRESS;ELETRONICO;DESPESA;-R$ 50,10 ;Santander;Corrente;QUALIDADE_DE_VIDA
2025-06-01;JUNHO;ALIEXPRESS;ELETRONICO;DESPESA;-R$ 50,10 ;Santander;Corrente;QUALIDADE_DE_VIDA
2025-05-01;MAIO;ALIEXPRESS;ELETRONICO;DESPESA;-R$ 50,10 ;Santander;Corrente;QUALIDADE_DE_VIDA
2025-03-01;MARÇO;ALIEXPRESS;ELETRONICO;DESPESA;-R$ 50,10 ;Santander;Corrente;QUALIDADE_DE_VIDA
2025-04-01;ABRIL;ERIVALDO ROBERTO DA SI JOAO PESSOA   BRA;ELETRONICO;DESPESA;-R$ 49,98 ;Inter;Corrente;QUALIDADE_DE_VIDA
2025-07-01;JULHO;ERIVALDO ROBERTO DA SI JOAO PESSOA   BRA;ELETRONICO;DESPESA;-R$ 49,98 ;Inter;Corrente;QUALIDADE_DE_VIDA
2025-06-01;JUNHO;ERIVALDO ROBERTO DA SI JOAO PESSOA   BRA;ELETRONICO;DESPESA;-R$ 49,98 ;Inter;Corrente;QUALIDADE_DE_VIDA
2025-05-01;MAIO;ERIVALDO ROBERTO DA SI JOAO PESSOA   BRA;ELETRONICO;DESPESA;-R$ 49,98 ;Inter;Corrente;QUALIDADE_DE_VIDA
2025-03-01;MARÇO;ERIVALDO ROBERTO DA SI JOAO PESSOA   BRA;ELETRONICO;DESPESA;-R$ 49,98 ;Inter;Corrente;QUALIDADE_DE_VIDA
2025-10-12;NOVEMBRO;AMAZON BR              SAO PAULO     BRA;ELETRONICO;DESPESA;-R$ 45,73 ;Inter;Corrente;ESSENCIAIS
2025-10-01;OUTUBRO;SHOPEE  LOJADOKADINHO  Nova Igua u   BRA;ELETRONICO;DESPESA;-R$ 43,55 ;Inter;Corrente;QUALIDADE_DE_VIDA
2025-09-01;SETEMBRO;SHOPEE  LOJADOKADINHO  Nova Igua u   BRA;ELETRONICO;DESPESA;-R$ 43,55 ;Inter;Corrente;QUALIDADE_DE_VIDA
2025-09-01;SETEMBRO;AMAZON BR              SAO PAULO     BRA;ELETRONICO;DESPESA;-R$ 40,54 ;Inter;Corrente;QUALIDADE_DE_VIDA
2025-03-01;MARÇO;MegaDigital            JOAO PESSOA   BRA;ELETRONICO;DESPESA;-R$ 36,00 ;Inter;Corrente;QUALIDADE_DE_VIDA
2025-10-09;NOVEMBRO;AMAZON BR              SAO PAULO     BRA;ELETRONICO;DESPESA;-R$ 33,98 ;Inter;Corrente;QUALIDADE_DE_VIDA
2025-06-01;JUNHO;SHOPEE  SHPSTECNOLOGIA SAO PAULO     BRA;ELETRONICO;DESPESA;-R$ 18,37 ;Inter;Corrente;QUALIDADE_DE_VIDA
2025-09-01;SETEMBRO;SHOPEE  SHPSTECNOLOGIA SAO PAULO     BRA;ELETRONICO;DESPESA;-R$ 18,37 ;Inter;Corrente;QUALIDADE_DE_VIDA
2025-04-01;ABRIL;27 - ENERGISA ;ENERGIA;DESPESA;-R$ 340,00 ;Caixa;Corrente;ESSENCIAIS
2025-08-01;AGOSTO;27 - ENERGISA ;ENERGIA;DESPESA;-R$ 340,00 ;Caixa;Corrente;ESSENCIAIS
2025-02-01;FEVEREIRO;27 - ENERGISA ;ENERGIA;DESPESA;-R$ 340,00 ;Caixa;Corrente;ESSENCIAIS
2025-01-01;JANEIRO;27 - ENERGISA ;ENERGIA;DESPESA;-R$ 340,00 ;Caixa;Corrente;ESSENCIAIS
2025-07-01;JULHO;27 - ENERGISA ;ENERGIA;DESPESA;-R$ 340,00 ;Caixa;Corrente;ESSENCIAIS
2025-06-01;JUNHO;27 - ENERGISA ;ENERGIA;DESPESA;-R$ 340,00 ;Caixa;Corrente;ESSENCIAIS
2025-05-01;MAIO;27 - ENERGISA ;ENERGIA;DESPESA;-R$ 340,00 ;Caixa;Corrente;ESSENCIAIS
2025-03-01;MARÇO;27 - ENERGISA ;ENERGIA;DESPESA;-R$ 340,00 ;Caixa;Corrente;ESSENCIAIS
2025-10-01;OUTUBRO;27 - ENERGISA ;ENERGIA;DESPESA;-R$ 340,00 ;Caixa;Corrente;ESSENCIAIS
2025-09-01;SETEMBRO;27 - ENERGISA ;ENERGIA;DESPESA;-R$ 340,00 ;Caixa;Corrente;ESSENCIAIS
2025-11-01;NOVEMBRO;27 - ENERGISA ;ENERGIA;DESPESA;-R$ 340,00 ;Santander;Corrente;QUALIDADE_DE_VIDA
2025-08-01;AGOSTO;PAG*STEAM;ENTRETENIMENTO;DESPESA;-R$ 65,59 ;Santander;Corrente;QUALIDADE_DE_VIDA
2025-07-01;JULHO;PAG*STEAM;ENTRETENIMENTO;DESPESA;-R$ 65,59 ;Santander;Corrente;QUALIDADE_DE_VIDA
2025-09-01;SETEMBRO;PAG*STEAM;ENTRETENIMENTO;DESPESA;-R$ 65,57 ;Santander;Corrente;QUALIDADE_DE_VIDA
2025-06-01;JUNHO;MP  GAVIPATCH          NAVIRAI       MS;ENTRETENIMENTO;DESPESA;-R$ 59,90 ;Inter;Corrente;QUALIDADE_DE_VIDA
2025-04-01;ABRIL;PAG Steam              Sao Paulo     BRA;ENTRETENIMENTO;DESPESA;-R$ 58,98 ;Inter;Corrente;QUALIDADE_DE_VIDA
2025-08-01;AGOSTO;PAG Steam              Sao Paulo     BRA;ENTRETENIMENTO;DESPESA;-R$ 29,90 ;Inter;Corrente;QUALIDADE_DE_VIDA
2025-07-01;JULHO;PAG Steam              Sao Paulo     BRA;ENTRETENIMENTO;DESPESA;-R$ 29,90 ;Inter;Corrente;QUALIDADE_DE_VIDA
2025-06-01;JUNHO;PAG STEAM              SAO PAULO     BRA;ENTRETENIMENTO;DESPESA;-R$ 29,90 ;Inter;Corrente;QUALIDADE_DE_VIDA
2025-08-01;AGOSTO;FP FESTPARK            Olinda        PE;ENTRETENIMENTO;DESPESA;-R$ 25,00 ;Inter;Corrente;QUALIDADE_DE_VIDA
2025-08-01;AGOSTO;PAG Steam              Sao Paulo     BRA;ENTRETENIMENTO;DESPESA;-R$ 16,34 ;Inter;Corrente;QUALIDADE_DE_VIDA
2025-10-01;OUTUBRO;PAG Steam              Sao Paulo     BRA;ENTRETENIMENTO;DESPESA;-R$ 16,32 ;Inter;Corrente;QUALIDADE_DE_VIDA
2025-09-01;SETEMBRO;PAG Steam              Sao Paulo     BRA;ENTRETENIMENTO;DESPESA;-R$ 16,32 ;Inter;Corrente;QUALIDADE_DE_VIDA
2025-07-01;JULHO;PAG Steam              Sao Paulo     BRA;ENTRETENIMENTO;DESPESA;-R$ 14,10 ;Inter;Corrente;QUALIDADE_DE_VIDA
2025-08-01;AGOSTO;PAG Steam              Sao Paulo     BRA;ENTRETENIMENTO;DESPESA;-R$ 14,09 ;Inter;Corrente;QUALIDADE_DE_VIDA
2025-09-01;SETEMBRO;PAG Steam              Sao Paulo     BRA;ENTRETENIMENTO;DESPESA;-R$ 14,09 ;Inter;Corrente;QUALIDADE_DE_VIDA
2025-07-01;JULHO;PAG*STEAM;ENTRETENIMENTO;DESPESA;-R$ 12,99 ;Santander;Corrente;QUALIDADE_DE_VIDA
2025-06-01;JUNHO;PAG STEAM              SAO PAULO     BRA;ENTRETENIMENTO;DESPESA;-R$ 10,72 ;Inter;Corrente;QUALIDADE_DE_VIDA
2025-10-01;OUTUBRO;ESPIRAL PARK;ENTRETENIMENTO;DESPESA;-R$ 10,00 ;Santander;Corrente;QUALIDADE_DE_VIDA
2025-06-01;JUNHO;PAG STEAM              SAO PAULO     BRA;ENTRETENIMENTO;DESPESA;-R$ 9,02 ;Inter;Corrente;QUALIDADE_DE_VIDA
2025-08-01;AGOSTO;FP FESTPARK            Olinda        PE;ENTRETENIMENTO;DESPESA;-R$ 5,00 ;Inter;Corrente;QUALIDADE_DE_VIDA
2025-08-01;AGOSTO; PAG*STEAM;ENTRETENIMENTO;DESPESA;-R$ 0,02 ;Santander;Corrente;QUALIDADE_DE_VIDA
2025-04-01;ABRIL;15- CARREFOUR ;EQUIPAMENTOS;DESPESA;-R$ 235,00 ;Caixa;Corrente;ESSENCIAIS
2025-08-01;AGOSTO;15- CARREFOUR ;EQUIPAMENTOS;DESPESA;-R$ 235,00 ;Caixa;Corrente;ESSENCIAIS
2025-02-01;FEVEREIRO;15- CARREFOUR ;EQUIPAMENTOS;DESPESA;-R$ 235,00 ;Caixa;Corrente;ESSENCIAIS
2025-01-01;JANEIRO;15- CARREFOUR ;EQUIPAMENTOS;DESPESA;-R$ 235,00 ;Caixa;Corrente;ESSENCIAIS
2025-07-01;JULHO;15- CARREFOUR ;EQUIPAMENTOS;DESPESA;-R$ 235,00 ;Caixa;Corrente;ESSENCIAIS
2025-06-01;JUNHO;15- CARREFOUR ;EQUIPAMENTOS;DESPESA;-R$ 235,00 ;Caixa;Corrente;ESSENCIAIS
2025-05-01;MAIO;15- CARREFOUR ;EQUIPAMENTOS;DESPESA;-R$ 235,00 ;Caixa;Corrente;ESSENCIAIS
2025-03-01;MARÇO;15- CARREFOUR ;EQUIPAMENTOS;DESPESA;-R$ 235,00 ;Caixa;Corrente;ESSENCIAIS
2025-10-01;OUTUBRO;15- CARREFOUR ;EQUIPAMENTOS;DESPESA;-R$ 235,00 ;Caixa;Corrente;ESSENCIAIS
2025-09-01;SETEMBRO;15- CARREFOUR ;EQUIPAMENTOS;DESPESA;-R$ 235,00 ;Caixa;Corrente;ESSENCIAIS
2025-11-01;NOVEMBRO;15- CARREFOUR ;EQUIPAMENTOS;DESPESA;-R$ 235,00 ;Santander;Corrente;ESSENCIAIS
2025-04-01;ABRIL;Magalu Entregas        Franca        BRA;EQUIPAMENTOS;DESPESA;-R$ 224,53 ;Inter;Corrente;QUALIDADE_DE_VIDA
2025-08-01;AGOSTO;Magalu Entregas        Franca        BRA;EQUIPAMENTOS;DESPESA;-R$ 224,53 ;Inter;Corrente;QUALIDADE_DE_VIDA
2025-07-01;JULHO;Magalu Entregas        Franca        BRA;EQUIPAMENTOS;DESPESA;-R$ 224,53 ;Inter;Corrente;QUALIDADE_DE_VIDA
2025-06-01;JUNHO;MAGALU ENTREGAS        FRANCA        BRA;EQUIPAMENTOS;DESPESA;-R$ 224,53 ;Inter;Corrente;QUALIDADE_DE_VIDA
2025-05-01;MAIO;Magalu Entregas        Franca        BRA;EQUIPAMENTOS;DESPESA;-R$ 224,53 ;Inter;Corrente;QUALIDADE_DE_VIDA
2025-03-01;MARÇO;Magalu Entregas        Franca        BRA;EQUIPAMENTOS;DESPESA;-R$ 224,53 ;Inter;Corrente;QUALIDADE_DE_VIDA
2025-10-01;OUTUBRO;Magalu Entregas        Franca        BRA;EQUIPAMENTOS;DESPESA;-R$ 224,53 ;Inter;Corrente;QUALIDADE_DE_VIDA
2025-09-01;SETEMBRO;Magalu Entregas        Franca        BRA;EQUIPAMENTOS;DESPESA;-R$ 224,53 ;Inter;Corrente;QUALIDADE_DE_VIDA
2025-10-01;OUTUBRO;MERCADOLIVRE PRUDEIMP  PRUDENTOPOLI  BRA;EQUIPAMENTOS;DESPESA;-R$ 59,50 ;Inter;Corrente;QUALIDADE_DE_VIDA
2025-08-01;AGOSTO;NELFARMA COMERCIO DE P JOAO PESSOA   BRA;FARMÁCIA;DESPESA;-R$ 189,13 ;Inter;Corrente;ESSENCIAIS
2025-09-01;SETEMBRO;NELFARMA COMERCIO DE P JOAO PESSOA   BRA;FARMÁCIA;DESPESA;-R$ 189,13 ;Inter;Corrente;ESSENCIAIS
2025-04-01;ABRIL;NELFARMA COMERCIO DE P JOAO PESSOA   BRA;FARMÁCIA;DESPESA;-R$ 149,98 ;Inter;Corrente;ESSENCIAIS
2025-08-01;AGOSTO;NELFARMA COMERCIO DE P JOAO PESSOA   BRA;FARMÁCIA;DESPESA;-R$ 135,12 ;Inter;Corrente;ESSENCIAIS
2025-09-01;SETEMBRO;NELFARMA COMERCIO DE P;FARMÁCIA;DESPESA;-R$ 131,55 ;Santander;Corrente;ESSENCIAIS
2025-08-01;AGOSTO;RaiaDrogasilSA         JOAO PESSOA   BRA;FARMÁCIA;DESPESA;-R$ 126,67 ;Inter;Corrente;ESSENCIAIS
2025-10-21;NOVEMBRO;NELFARMA COMERCIO DE;FARMÁCIA;DESPESA;-R$ 124,32 ;Inter;Corrente;ESSENCIAIS
2025-06-01;JUNHO;NELFARMA COMERCIO DE P JOAO PESSOA   BRA;FARMÁCIA;DESPESA;-R$ 122,09 ;Inter;Corrente;ESSENCIAIS
2025-07-01;JULHO;PAGUE MENOS 199        JOAO PESSOA   BRA;FARMÁCIA;DESPESA;-R$ 119,24 ;Inter;Corrente;ESSENCIAIS
2025-10-01;OUTUBRO;REDEPHARMA             JOAO PESSOA   BRA;FARMÁCIA;DESPESA;-R$ 109,98 ;Inter;Corrente;ESSENCIAIS
2025-09-01;SETEMBRO;NELFARMA COMERCIO DE P JOAO PESSOA   BRA;FARMÁCIA;DESPESA;-R$ 100,02 ;Inter;Corrente;ESSENCIAIS
2025-04-01;ABRIL;ORTO PRIME;FARMÁCIA;DESPESA;-R$ 100,00 ;Santander;Corrente;ESSENCIAIS
2025-10-01;OUTUBRO;Redepharma             JOAO PESSOA   BRA;FARMÁCIA;DESPESA;-R$ 97,42 ;Inter;Corrente;ESSENCIAIS
2025-03-01;MARÇO;PAGUE MENOS 1004       JOAO PESSOA   BRA;FARMÁCIA;DESPESA;-R$ 94,48 ;Inter;Corrente;ESSENCIAIS
2025-04-01;ABRIL;NELFARMA COMERCIO DE P JOAO PESSOA   BRA;FARMÁCIA;DESPESA;-R$ 79,44 ;Inter;Corrente;ESSENCIAIS
2025-05-01;MAIO;NELFARMA COMERCIO DE P JOAO PESSOA   BRA;FARMÁCIA;DESPESA;-R$ 79,44 ;Inter;Corrente;ESSENCIAIS
2025-03-01;MARÇO;NELFARMA COMERCIO DE P JOAO PESSOA   BRA;FARMÁCIA;DESPESA;-R$ 79,44 ;Inter;Corrente;ESSENCIAIS
2025-08-01;AGOSTO;Redepharma             JOAO PESSOA   BRA;FARMÁCIA;DESPESA;-R$ 78,67 ;Inter;Corrente;ESSENCIAIS
2025-04-01;ABRIL;NELFARMA COMERCIO DE P;FARMÁCIA;DESPESA;-R$ 77,45 ;Santander;Corrente;ESSENCIAIS
2025-10-01;OUTUBRO;REDEPHARMA             JOAO PESSOA   BRA;FARMÁCIA;DESPESA;-R$ 76,98 ;Inter;Corrente;ESSENCIAIS
2025-09-17;NOVEMBRO;REDEPHARMA             JOAO PESSOA   BRA;FARMÁCIA;DESPESA;-R$ 76,98 ;Inter;Corrente;ESSENCIAIS
2025-10-25;NOVEMBRO;REDEPHARMA             JOAO PESSOA   BRA;FARMÁCIA;DESPESA;-R$ 75,80 ;Inter;Corrente;ESSENCIAIS
2025-04-01;ABRIL;NELFARMA COMERCIO DE P JOAO PESSOA   BRA;FARMÁCIA;DESPESA;-R$ 70,57 ;Inter;Corrente;ESSENCIAIS
2025-05-01;MAIO;NELFARMA COMERCIO DE P JOAO PESSOA   BRA;FARMÁCIA;DESPESA;-R$ 70,57 ;Inter;Corrente;ESSENCIAIS
2025-02-01;FEVEREIRO;REDEPHARMA;FARMÁCIA;DESPESA;-R$ 70,52 ;Santander;Corrente;ESSENCIAIS
2025-01-01;JANEIRO;REDEPHARMA;FARMÁCIA;DESPESA;-R$ 70,52 ;Santander;Corrente;ESSENCIAIS
2025-02-01;FEVEREIRO;REDEPHARMA;FARMÁCIA;DESPESA;-R$ 67,99 ;Santander;Corrente;ESSENCIAIS
2025-06-01;JUNHO;PAGUE MENOS 199        JOAO PESSOA   BRA;FARMÁCIA;DESPESA;-R$ 66,86 ;Inter;Corrente;ESSENCIAIS
2025-02-01;FEVEREIRO;Redepharma             JOAO PESSOA   BRA;FARMÁCIA;DESPESA;-R$ 64,55 ;Inter;Corrente;ESSENCIAIS
2025-01-01;JANEIRO;Redepharma             JOAO PESSOA   BRA;FARMÁCIA;DESPESA;-R$ 64,55 ;Inter;Corrente;ESSENCIAIS
2025-02-01;FEVEREIRO;VIVA PHARMA            JOAO PESSOA   BRA;FARMÁCIA;DESPESA;-R$ 62,50 ;Inter;Corrente;ESSENCIAIS
2025-01-01;JANEIRO;VIVA PHARMA            JOAO PESSOA   BRA;FARMÁCIA;DESPESA;-R$ 62,50 ;Inter;Corrente;ESSENCIAIS
2025-03-01;MARÇO;VIVA PHARMA            JOAO PESSOA   BRA;FARMÁCIA;DESPESA;-R$ 62,50 ;Inter;Corrente;ESSENCIAIS
2025-02-01;FEVEREIRO;RaiaDrogasilSA         JOAO PESSOA   BRA;FARMÁCIA;DESPESA;-R$ 61,82 ;Inter;Corrente;ESSENCIAIS
2025-01-01;JANEIRO;RaiaDrogasilSA         JOAO PESSOA   BRA;FARMÁCIA;DESPESA;-R$ 61,82 ;Inter;Corrente;ESSENCIAIS
2025-06-01;JUNHO;REDEPHARMA             JOAO PESSOA   BRA;FARMÁCIA;DESPESA;-R$ 60,97 ;Inter;Corrente;ESSENCIAIS
2025-06-01;JUNHO;REDEPHARMA             JOAO PESSOA   BRA;FARMÁCIA;DESPESA;-R$ 60,97 ;Inter;Corrente;ESSENCIAIS
2025-04-01;ABRIL;REDEPHARMA             JOAO PESSOA   BRA;FARMÁCIA;DESPESA;-R$ 59,99 ;Inter;Corrente;ESSENCIAIS
2025-03-01;MARÇO;REDEPHARMA             JOAO PESSOA   BRA;FARMÁCIA;DESPESA;-R$ 59,99 ;Inter;Corrente;ESSENCIAIS
2025-10-01;OUTUBRO;REDEPHARMA;FARMÁCIA;DESPESA;-R$ 59,99 ;Santander;Corrente;ESSENCIAIS
2025-09-28;NOVEMBRO;REDEPHARMA;FARMÁCIA;DESPESA;-R$ 59,98 ;Inter;Corrente;ESSENCIAIS
2025-10-01;OUTUBRO;Redepharma             JOAO PESSOA   BRA;FARMÁCIA;DESPESA;-R$ 59,65 ;Inter;Corrente;ESSENCIAIS
2025-03-01;MARÇO;NELFARMA COMERCIO DE P;FARMÁCIA;DESPESA;-R$ 59,41 ;Santander;Corrente;ESSENCIAIS
2025-10-01;OUTUBRO;PAGUE MENOS 199        JOAO PESSOA   BRA;FARMÁCIA;DESPESA;-R$ 58,99 ;Inter;Corrente;ESSENCIAIS
2025-02-01;FEVEREIRO;REDEPHARMA             JOAO PESSOA   BRA;FARMÁCIA;DESPESA;-R$ 58,03 ;Inter;Corrente;ESSENCIAIS
2025-01-01;JANEIRO;REDEPHARMA             JOAO PESSOA   BRA;FARMÁCIA;DESPESA;-R$ 58,03 ;Inter;Corrente;ESSENCIAIS
2025-07-01;JULHO;VIVA PHARMA;FARMÁCIA;DESPESA;-R$ 58,00 ;Santander;Corrente;ESSENCIAIS
2025-02-01;FEVEREIRO;NELFARMA COMERCIO DE P JOAO PESSOA   BRA;FARMÁCIA;DESPESA;-R$ 56,91 ;Inter;Corrente;ESSENCIAIS
2025-01-01;JANEIRO;NELFARMA COMERCIO DE P JOAO PESSOA   BRA;FARMÁCIA;DESPESA;-R$ 56,91 ;Inter;Corrente;ESSENCIAIS
2025-02-01;FEVEREIRO;REDEPHARMA             JOAO PESSOA   BRA;FARMÁCIA;DESPESA;-R$ 56,89 ;Inter;Corrente;ESSENCIAIS
2025-01-01;JANEIRO;REDEPHARMA             JOAO PESSOA   BRA;FARMÁCIA;DESPESA;-R$ 56,89 ;Inter;Corrente;ESSENCIAIS
2025-02-01;FEVEREIRO;NELFARMA COMERCIO DE P JOAO PESSOA   BRA;FARMÁCIA;DESPESA;-R$ 56,54 ;Inter;Corrente;ESSENCIAIS
2025-01-01;JANEIRO;NELFARMA COMERCIO DE P JOAO PESSOA   BRA;FARMÁCIA;DESPESA;-R$ 56,54 ;Inter;Corrente;ESSENCIAIS
2025-04-01;ABRIL;PAGUE MENOS 199        JOAO PESSOA   BRA;FARMÁCIA;DESPESA;-R$ 56,37 ;Inter;Corrente;ESSENCIAIS
2025-05-01;MAIO;NELFARMA COMERCIO DE P JOAO PESSOA   BRA;FARMÁCIA;DESPESA;-R$ 55,89 ;Inter;Corrente;ESSENCIAIS
2025-07-01;JULHO;FARMA SERRA            SERRA REDONDA BRA;FARMÁCIA;DESPESA;-R$ 55,00 ;Inter;Corrente;ESSENCIAIS
2025-10-07;NOVEMBRO;FARM MELHOR OPCAO      JOAO PESSOA   BRA;FARMÁCIA;DESPESA;-R$ 54,98 ;Inter;Corrente;ESSENCIAIS
2025-02-01;FEVEREIRO;NELFARMA COMERCIO DE P JOAO PESSOA   BRA;FARMÁCIA;DESPESA;-R$ 51,68 ;Inter;Corrente;ESSENCIAIS
2025-01-01;JANEIRO;NELFARMA COMERCIO DE P JOAO PESSOA   BRA;FARMÁCIA;DESPESA;-R$ 51,68 ;Inter;Corrente;ESSENCIAIS
2025-02-01;FEVEREIRO;NELFARMA COMERCIO DE P JOAO PESSOA   BRA;FARMÁCIA;DESPESA;-R$ 50,98 ;Inter;Corrente;ESSENCIAIS
2025-01-01;JANEIRO;NELFARMA COMERCIO DE P JOAO PESSOA   BRA;FARMÁCIA;DESPESA;-R$ 50,98 ;Inter;Corrente;ESSENCIAIS
2025-04-01;ABRIL;NELFARMA COMERCIO DE P;FARMÁCIA;DESPESA;-R$ 50,91 ;Santander;Corrente;ESSENCIAIS
2025-07-01;JULHO;NELFARMA COMERCIO DE P JOAO PESSOA   BRA;FARMÁCIA;DESPESA;-R$ 49,99 ;Inter;Corrente;ESSENCIAIS
2025-10-01;OUTUBRO;REDEPHARMA             JOAO PESSOA   BRA;FARMÁCIA;DESPESA;-R$ 49,87 ;Inter;Corrente;ESSENCIAIS
2025-09-14;NOVEMBRO;REDEPHARMA             JOAO PESSOA   BRA;FARMÁCIA;DESPESA;-R$ 49,87 ;Inter;Corrente;ESSENCIAIS
2025-09-01;SETEMBRO;NELFARMA COMERCIO DE P JOAO PESSOA   BRA;FARMÁCIA;DESPESA;-R$ 49,17 ;Inter;Corrente;ESSENCIAIS
2025-05-01;MAIO;MARCONI EDSON RIBEIRO  JOAO PESSOA   BRA;FARMÁCIA;DESPESA;-R$ 49,00 ;Inter;Corrente;ESSENCIAIS
2025-02-01;FEVEREIRO;NELFARMA COMERCIO DE P JOAO PESSOA   BRA;FARMÁCIA;DESPESA;-R$ 47,43 ;Inter;Corrente;ESSENCIAIS
2025-01-01;JANEIRO;NELFARMA COMERCIO DE P JOAO PESSOA   BRA;FARMÁCIA;DESPESA;-R$ 47,43 ;Inter;Corrente;ESSENCIAIS
2025-03-01;MARÇO;NELFARMA COMERCIO DE P JOAO PESSOA   BRA;FARMÁCIA;DESPESA;-R$ 47,41 ;Inter;Corrente;ESSENCIAIS
2025-07-01;JULHO;NELFARMA COMERCIO DE P;FARMÁCIA;DESPESA;-R$ 46,21 ;Santander;Corrente;ESSENCIAIS
2025-06-01;JUNHO;NELFARMA COMERCIO DE P;FARMÁCIA;DESPESA;-R$ 46,21 ;Santander;Corrente;ESSENCIAIS
2025-05-01;MAIO;NELFARMA COMERCIO DE P;FARMÁCIA;DESPESA;-R$ 46,21 ;Santander;Corrente;ESSENCIAIS
2025-10-24;NOVEMBRO;NELFARMA COMERCIO DE P;FARMÁCIA;DESPESA;-R$ 44,26 ;Inter;Corrente;ESSENCIAIS
2025-05-01;MAIO;FARMACIA PAGUE MENOS   JOAO PESSOA   BRA;FARMÁCIA;DESPESA;-R$ 44,21 ;Inter;Corrente;ESSENCIAIS
2025-10-01;OUTUBRO;REDEPHARMA;FARMÁCIA;DESPESA;-R$ 42,91 ;Santander;Corrente;ESSENCIAIS
2025-10-11;NOVEMBRO;REDEPHARMA;FARMÁCIA;DESPESA;-R$ 42,91 ;Inter;Corrente;ESSENCIAIS
2025-09-01;SETEMBRO;REDEPHARMA;FARMÁCIA;DESPESA;-R$ 40,95 ;Santander;Corrente;ESSENCIAIS
2025-10-01;OUTUBRO;REDEPHARMA;FARMÁCIA;DESPESA;-R$ 40,94 ;Santander;Corrente;ESSENCIAIS
2025-08-25;NOVEMBRO;REDEPHARMA;FARMÁCIA;DESPESA;-R$ 40,94 ;Inter;Corrente;ESSENCIAIS
2025-04-01;ABRIL;PDV FARMACIA MADRE     JOAO PESSOA   BRA;FARMÁCIA;DESPESA;-R$ 39,98 ;Inter;Corrente;ESSENCIAIS
2025-04-01;ABRIL;NELFARMA COMERCIO DE P JOAO PESSOA   BRA;FARMÁCIA;DESPESA;-R$ 39,08 ;Inter;Corrente;ESSENCIAIS
2025-10-01;OUTUBRO;REDEPHARMA;FARMÁCIA;DESPESA;-R$ 38,29 ;Santander;Corrente;ESSENCIAIS
2025-09-01;SETEMBRO;REDEPHARMA;FARMÁCIA;DESPESA;-R$ 38,29 ;Santander;Corrente;ESSENCIAIS
2025-08-12;NOVEMBRO;REDEPHARMA;FARMÁCIA;DESPESA;-R$ 38,29 ;Inter;Corrente;ESSENCIAIS
2025-06-01;JUNHO;NELFARMA COMERCIO DE P JOAO PESSOA   BRA;FARMÁCIA;DESPESA;-R$ 36,70 ;Inter;Corrente;ESSENCIAIS
2025-05-01;MAIO;NELFARMA COMERCIO DE P JOAO PESSOA   BRA;FARMÁCIA;DESPESA;-R$ 35,36 ;Inter;Corrente;ESSENCIAIS
2025-08-01;AGOSTO;NELFARMA COMERCIO DE P JOAO PESSOA   BRA;FARMÁCIA;DESPESA;-R$ 35,33 ;Inter;Corrente;ESSENCIAIS
2025-07-01;JULHO;NELFARMA COMERCIO DE P JOAO PESSOA   BRA;FARMÁCIA;DESPESA;-R$ 35,33 ;Inter;Corrente;ESSENCIAIS
2025-06-01;JUNHO;NELFARMA COMERCIO DE P JOAO PESSOA   BRA;FARMÁCIA;DESPESA;-R$ 35,33 ;Inter;Corrente;ESSENCIAIS
2025-09-01;SETEMBRO;NELFARMA COMERCIO DE P JOAO PESSOA   BRA;FARMÁCIA;DESPESA;-R$ 35,33 ;Inter;Corrente;ESSENCIAIS
2025-03-01;MARÇO;NELFARMA COMERCIO DE P JOAO PESSOA   BRA;FARMÁCIA;DESPESA;-R$ 35,11 ;Inter;Corrente;ESSENCIAIS
2025-02-01;FEVEREIRO;VIVA PHARMA            JOAO PESSOA   BRA;FARMÁCIA;DESPESA;-R$ 34,50 ;Inter;Corrente;ESSENCIAIS
2025-01-01;JANEIRO;VIVA PHARMA            JOAO PESSOA   BRA;FARMÁCIA;DESPESA;-R$ 34,50 ;Inter;Corrente;ESSENCIAIS
2025-03-01;MARÇO;VIVA PHARMA            JOAO PESSOA   BRA;FARMÁCIA;DESPESA;-R$ 34,50 ;Inter;Corrente;ESSENCIAIS
2025-02-01;FEVEREIRO;REDEPHARMA;FARMÁCIA;DESPESA;-R$ 33,99 ;Santander;Corrente;ESSENCIAIS
2025-03-01;MARÇO;REDEPHARMA;FARMÁCIA;DESPESA;-R$ 33,99 ;Santander;Corrente;ESSENCIAIS
2025-02-01;FEVEREIRO;NELFARMA COMERCIO DE P JOAO PESSOA   BRA;FARMÁCIA;DESPESA;-R$ 31,23 ;Inter;Corrente;ESSENCIAIS
2025-01-01;JANEIRO;NELFARMA COMERCIO DE P JOAO PESSOA   BRA;FARMÁCIA;DESPESA;-R$ 31,23 ;Inter;Corrente;ESSENCIAIS
2025-05-01;MAIO;NELFARMA COMERCIO DE P JOAO PESSOA   BRA;FARMÁCIA;DESPESA;-R$ 29,22 ;Inter;Corrente;ESSENCIAIS
2025-08-01;AGOSTO;Redepharma             JOAO PESSOA   BRA;FARMÁCIA;DESPESA;-R$ 29,04 ;Inter;Corrente;ESSENCIAIS
2025-09-01;SETEMBRO;Redepharma             JOAO PESSOA   BRA;FARMÁCIA;DESPESA;-R$ 29,03 ;Inter;Corrente;ESSENCIAIS
2025-02-01;FEVEREIRO;Redepharma             JOAO PESSOA   BRA;FARMÁCIA;DESPESA;-R$ 28,69 ;Inter;Corrente;ESSENCIAIS
2025-01-01;JANEIRO;Redepharma             JOAO PESSOA   BRA;FARMÁCIA;DESPESA;-R$ 28,69 ;Inter;Corrente;ESSENCIAIS
2025-04-01;ABRIL;NELFARMA COMERCIO DE P JOAO PESSOA   BRA;FARMÁCIA;DESPESA;-R$ 27,26 ;Inter;Corrente;ESSENCIAIS
2025-03-01;MARÇO;NELFARMA COMERCIO DE P JOAO PESSOA   BRA;FARMÁCIA;DESPESA;-R$ 27,26 ;Inter;Corrente;ESSENCIAIS
2025-03-01;MARÇO;PAGUE MENOS 1041       JOAO PESSOA   BRA;FARMÁCIA;DESPESA;-R$ 26,26 ;Inter;Corrente;ESSENCIAIS
2025-04-01;ABRIL;FARM MELHOR OPCAO      JOAO PESSOA   BRA;FARMÁCIA;DESPESA;-R$ 24,99 ;Inter;Corrente;ESSENCIAIS
2025-10-25;NOVEMBRO;RedeFacilMiramar;FARMÁCIA;DESPESA;-R$ 24,60 ;Inter;Corrente;ESSENCIAIS
2025-02-01;FEVEREIRO;FARMACIA PERMANENTE;FARMÁCIA;DESPESA;-R$ 23,89 ;Santander;Corrente;ESSENCIAIS
2025-11-02;NOVEMBRO;PAGUE MENOS    0199;FARMÁCIA;DESPESA;-R$ 22,99 ;Santander;Corrente;ESSENCIAIS
2025-10-01;OUTUBRO;DIEGO FARMA            CAMPINA GRAND BRA;FARMÁCIA;DESPESA;-R$ 19,99 ;Inter;Corrente;ESSENCIAIS
2025-04-01;ABRIL;FarmaciaDos            JOAO PESSOA   BRA;FARMÁCIA;DESPESA;-R$ 19,80 ;Inter;Corrente;ESSENCIAIS
2025-02-01;FEVEREIRO;SOUSA COMERCIO DE MEDI JOAO PESSOA   BRA;FARMÁCIA;DESPESA;-R$ 19,00 ;Inter;Corrente;ESSENCIAIS
2025-01-01;JANEIRO;SOUSA COMERCIO DE MEDI JOAO PESSOA   BRA;FARMÁCIA;DESPESA;-R$ 19,00 ;Inter;Corrente;ESSENCIAIS
2025-03-01;MARÇO;PAGUE MENOS 1041       JOAO PESSOA   BRA;FARMÁCIA;DESPESA;-R$ 17,85 ;Inter;Corrente;ESSENCIAIS
2025-09-01;SETEMBRO;PAGUE MENOS 1004       JOAO PESSOA   BRA;FARMÁCIA;DESPESA;-R$ 14,98 ;Inter;Corrente;ESSENCIAIS
2025-06-01;JUNHO;NELFARMA COMERCIO DE P JOAO PESSOA   BRA;FARMÁCIA;DESPESA;-R$ 12,59 ;Inter;Corrente;ESSENCIAIS
2025-03-01;MARÇO;PAGUE MENOS;FARMÁCIA;DESPESA;-R$ 8,40 ;Santander;Corrente;ESSENCIAIS
2025-04-01;ABRIL;RAIADROGASILSA;FARMÁCIA;DESPESA;-R$ 6,83 ;Santander;Corrente;ESSENCIAIS
2025-04-01;ABRIL;REDEPHARMA             JOAO PESSOA   BRA;FARMÁCIA;DESPESA;-R$ 0,99 ;Inter;Corrente;ESSENCIAIS
2025-08-01;AGOSTO;POUSADA TERTULIANO;HOSPEDAGEM;DESPESA;-R$ 67,00 ;Santander;Corrente;QUALIDADE_DE_VIDA
2025-07-01;JULHO;SANTOS SERVICOS DE HOT;HOSPEDAGEM;DESPESA;-R$ 66,00 ;Santander;Corrente;QUALIDADE_DE_VIDA
2025-10-01;OUTUBRO;VO ITA HOTEL;HOSPEDAGEM;DESPESA;-R$ 48,00 ;Santander;Corrente;QUALIDADE_DE_VIDA
2025-04-01;ABRIL;15 - CLARO INTERNET;INTERNET;DESPESA;-R$ 150,00 ;Caixa;Corrente;ESSENCIAIS
2025-08-01;AGOSTO;15 - CLARO INTERNET;INTERNET;DESPESA;-R$ 150,00 ;Caixa;Corrente;ESSENCIAIS
2025-02-01;FEVEREIRO;15 - CLARO INTERNET;INTERNET;DESPESA;-R$ 150,00 ;Caixa;Corrente;ESSENCIAIS
2025-01-01;JANEIRO;15 - CLARO INTERNET;INTERNET;DESPESA;-R$ 150,00 ;Caixa;Corrente;ESSENCIAIS
2025-07-01;JULHO;15 - CLARO INTERNET;INTERNET;DESPESA;-R$ 150,00 ;Caixa;Corrente;ESSENCIAIS
2025-06-01;JUNHO;15 - CLARO INTERNET;INTERNET;DESPESA;-R$ 150,00 ;Caixa;Corrente;ESSENCIAIS
2025-05-01;MAIO;15 - CLARO INTERNET;INTERNET;DESPESA;-R$ 150,00 ;Caixa;Corrente;ESSENCIAIS
2025-03-01;MARÇO;15 - CLARO INTERNET;INTERNET;DESPESA;-R$ 150,00 ;Caixa;Corrente;ESSENCIAIS
2025-10-01;OUTUBRO;15 - CLARO INTERNET;INTERNET;DESPESA;-R$ 150,00 ;Caixa;Corrente;ESSENCIAIS
2025-09-01;SETEMBRO;15 - CLARO INTERNET;INTERNET;DESPESA;-R$ 150,00 ;Caixa;Corrente;ESSENCIAIS
2025-11-01;NOVEMBRO;15 - CLARO INTERNET;INTERNET;DESPESA;-R$ 150,00 ;Santander;Corrente;FUTURO
2025-08-01;AGOSTO;APEX TRADER FUNDING    BOYD          TX;INVESTIMENTO;DESPESA;-R$ 823,62 ;Inter;Carteira;FUTURO
2025-06-01;JUNHO;APEXTRADERFUNDING;INVESTIMENTO;DESPESA;-R$ 790,57 ;Santander;Carteira;FUTURO
2025-05-01;MAIO;APEXTRADERFUNDING;INVESTIMENTO;DESPESA;-R$ 790,57 ;Santander;Carteira;FUTURO
2025-10-16;NOVEMBRO;APEXTRADERFUNDING;INVESTIMENTO;DESPESA;-R$ 490,69 ;Inter;Corrente;FUTURO
2025-10-25;NOVEMBRO;APEX TRADER FUNDING;INVESTIMENTO;DESPESA;-R$ 485,07 ;Inter;Corrente;ESSENCIAIS
2025-08-01;AGOSTO;APEXTRADERFUNDING      AUSTIN        TX;INVESTIMENTO;DESPESA;-R$ 182,74 ;Inter;Carteira;FUTURO
2025-06-01;JUNHO;APEXTRADERFUNDING;INVESTIMENTO;DESPESA;-R$ 182,07 ;Santander;Carteira;FUTURO
2025-05-01;MAIO;APEXTRADERFUNDING;INVESTIMENTO;DESPESA;-R$ 182,07 ;Santander;Carteira;FUTURO
2025-09-01;SETEMBRO;APEX TRADER FUNDING IN AUSTIN        TX;INVESTIMENTO;DESPESA;-R$ 180,41 ;Inter;Carteira;FUTURO
2025-10-01;OUTUBRO;APEXTRADERFUNDING;INVESTIMENTO;DESPESA;-R$ 177,87 ;Santander;Carteira;FUTURO
2025-10-20;NOVEMBRO;APEX TRADER FUNDING IN AUSTIN        TX;INVESTIMENTO;DESPESA;-R$ 177,27 ;Inter;Corrente;FUTURO
2025-10-01;OUTUBRO;APEX TRADER FUNDING IN AUSTIN        TX;INVESTIMENTO;DESPESA;-R$ 175,63 ;Inter;Carteira;FUTURO
2025-07-01;JULHO;APEX TRADER FUNDING IN;INVESTIMENTO;DESPESA;-R$ 173,76 ;Santander;Carteira;FUTURO
2025-08-01;AGOSTO;APEX TRADER FUNDING IN;INVESTIMENTO;DESPESA;-R$ 170,23 ;Santander;Carteira;FUTURO
2025-09-01;SETEMBRO;APEXTRADERFUNDING;INVESTIMENTO;DESPESA;-R$ 90,05 ;Santander;Carteira;FUTURO
2025-06-01;JUNHO;KIWIFY;INVESTIMENTO;DESPESA;-R$ 19,77 ;Santander;Carteira;FUTURO
2025-05-01;MAIO;KIWIFY;INVESTIMENTO;DESPESA;-R$ 19,77 ;Santander;Carteira;FUTURO
2025-08-01;AGOSTO;MOVIDA RAC JOEP;LAZER;DESPESA;-R$ 104,58 ;Santander;Corrente;ESSENCIAIS
2025-07-01;JULHO;MOVIDA RAC JOEP;LAZER;DESPESA;-R$ 104,58 ;Santander;Corrente;ESSENCIAIS
2025-10-01;OUTUBRO;MOVIDA RAC JOEP;LAZER;DESPESA;-R$ 104,58 ;Santander;Corrente;ESSENCIAIS
2025-09-01;SETEMBRO;MOVIDA RAC JOEP;LAZER;DESPESA;-R$ 104,58 ;Santander;Corrente;ESSENCIAIS
2025-03-01;MARÇO;JAMPA EVENTOS;LAZER;DESPESA;-R$ 40,00 ;Santander;Corrente;ESSENCIAIS
2025-04-01;ABRIL;PAROQUIA NOSSA SENHORA JOAO PESSOA   BRA;LAZER;DESPESA;-R$ 20,00 ;Inter;Corrente;ESSENCIAIS
2025-03-01;MARÇO;SIGMA PARK JOAO PESSOA;LAZER;DESPESA;-R$ 20,00 ;Santander;Corrente;ESSENCIAIS
2025-07-01;JULHO;QUIOSQUEDOGER;LAZER;DESPESA;-R$ 10,00 ;Santander;Corrente;ESSENCIAIS
2025-04-01;ABRIL;QUEIROZ AUTO CENTER    JOAO PESSOA   BRA;MANUTENÇÃO-CARRO;DESPESA;-R$ 392,86 ;Inter;Corrente;ESSENCIAIS
2025-02-01;FEVEREIRO;QUEIROZ AUTO CENTER    JOAO PESSOA   BRA;MANUTENÇÃO-CARRO;DESPESA;-R$ 392,86 ;Inter;Corrente;ESSENCIAIS
2025-01-01;JANEIRO;QUEIROZ AUTO CENTER    JOAO PESSOA   BRA;MANUTENÇÃO-CARRO;DESPESA;-R$ 392,86 ;Inter;Corrente;ESSENCIAIS
2025-05-01;MAIO;QUEIROZ AUTO CENTER    JOAO PESSOA   BRA;MANUTENÇÃO-CARRO;DESPESA;-R$ 392,86 ;Inter;Corrente;ESSENCIAIS
2025-03-01;MARÇO;QUEIROZ AUTO CENTER    JOAO PESSOA   BRA;MANUTENÇÃO-CARRO;DESPESA;-R$ 392,86 ;Inter;Corrente;ESSENCIAIS
2025-06-01;JUNHO;BORRACHARIA AUTO SOCOR JOAO PESSOA   BRA;MANUTENÇÃO-CARRO;DESPESA;-R$ 280,00 ;Inter;Corrente;ESSENCIAIS
2025-05-01;MAIO;QUEIROZ AUTO CENTER    JOAO PESSOA   BRA;MANUTENÇÃO-CARRO;DESPESA;-R$ 180,00 ;Inter;Corrente;ESSENCIAIS
2025-08-01;AGOSTO;QUEIROZ AUTO CENTER    JOAO PESSOA   BRA;MANUTENÇÃO-CARRO;DESPESA;-R$ 150,00 ;Inter;Corrente;ESSENCIAIS
2025-10-01;OUTUBRO;QUEIROZ AUTO CENTER    JOAO PESSOA   BRA;MANUTENÇÃO-CARRO;DESPESA;-R$ 150,00 ;Inter;Corrente;ESSENCIAIS
2025-09-01;SETEMBRO;QUEIROZ AUTO CENTER    JOAO PESSOA   BRA;MANUTENÇÃO-CARRO;DESPESA;-R$ 150,00 ;Inter;Corrente;ESSENCIAIS
2025-07-17;NOVEMBRO;QUEIROZ AUTO CENTER    JOAO PESSOA   BRA;MANUTENÇÃO-CARRO;DESPESA;-R$ 150,00 ;Inter;Corrente;ESSENCIAIS
2025-08-01;AGOSTO;QUEIROZ AUTO CENTER    JOAO PESSOA   BRA;MANUTENÇÃO-CARRO;DESPESA;-R$ 120,00 ;Inter;Corrente;ESSENCIAIS
2025-07-01;JULHO;QUEIROZ AUTO CENTER    JOAO PESSOA   BRA;MANUTENÇÃO-CARRO;DESPESA;-R$ 120,00 ;Inter;Corrente;ESSENCIAIS
2025-10-01;OUTUBRO;QUEIROZ AUTO CENTER    JOAO PESSOA   BRA;MANUTENÇÃO-CARRO;DESPESA;-R$ 120,00 ;Inter;Corrente;ESSENCIAIS
2025-09-01;SETEMBRO;QUEIROZ AUTO CENTER    JOAO PESSOA   BRA;MANUTENÇÃO-CARRO;DESPESA;-R$ 120,00 ;Inter;Corrente;ESSENCIAIS
2025-10-01;OUTUBRO;QUEIROZ AUTO CENTER    JOAO PESSOA   BRA;MANUTENÇÃO-CARRO;DESPESA;-R$ 100,00 ;Inter;Corrente;ESSENCIAIS
2025-09-04;NOVEMBRO;QUEIROZ AUTO CENTER    JOAO PESSOA   BRA;MANUTENÇÃO-CARRO;DESPESA;-R$ 100,00 ;Inter;Corrente;ESSENCIAIS
2025-07-01;JULHO;FERREIRA COSTA         RECIFE        PE;MANUTENÇÃO-CASA;DESPESA;-R$ 197,50 ;Inter;Corrente;ESSENCIAIS
2025-06-01;JUNHO;FERREIRA COSTA         RECIFE        PE;MANUTENÇÃO-CASA;DESPESA;-R$ 197,50 ;Inter;Corrente;ESSENCIAIS
2025-05-01;MAIO;FERREIRA COSTA         RECIFE        PE;MANUTENÇÃO-CASA;DESPESA;-R$ 197,50 ;Inter;Corrente;ESSENCIAIS
2025-06-01;JUNHO;O MESTRE               JOAO PESSOA   BRA;MANUTENÇÃO-CASA;DESPESA;-R$ 147,70 ;Inter;Corrente;ESSENCIAIS
2025-04-01;ABRIL;MP  PORTOBELLAMK       OSASCO        BRA;MANUTENÇÃO-CASA;DESPESA;-R$ 126,30 ;Inter;Corrente;ESSENCIAIS
2025-10-01;OUTUBRO;MAX REDES DE PROTECAO  JOAO PESSOA   BRA;MANUTENÇÃO-CASA;DESPESA;-R$ 110,00 ;Inter;Corrente;ESSENCIAIS
2025-09-01;SETEMBRO;MAX REDES DE PROTECAO  JOAO PESSOA   BRA;MANUTENÇÃO-CASA;DESPESA;-R$ 110,00 ;Inter;Corrente;ESSENCIAIS
2025-08-11;NOVEMBRO;MAX REDES DE PROTECAO  JOAO PESSOA   BRA;MANUTENÇÃO-CASA;DESPESA;-R$ 110,00 ;Inter;Corrente;ESSENCIAIS
2025-10-25;NOVEMBRO;MAYA CONSTRUCOES       JOAO PESSOA   BRA;MANUTENÇÃO-CASA;DESPESA;-R$ 80,00 ;Inter;Corrente;ESSENCIAIS
2025-04-01;ABRIL;CASA TUDO              CABEDELO      BRA;MANUTENÇÃO-CASA;DESPESA;-R$ 71,48 ;Inter;Corrente;ESSENCIAIS
2025-03-01;MARÇO;CASA TUDO              CABEDELO      BRA;MANUTENÇÃO-CASA;DESPESA;-R$ 71,48 ;Inter;Corrente;ESSENCIAIS
2025-08-01;AGOSTO;FERREIRA COSTA         RECIFE        PE;MANUTENÇÃO-CASA;DESPESA;-R$ 69,98 ;Inter;Corrente;ESSENCIAIS
2025-07-01;JULHO;FERREIRA COSTA         RECIFE        PE;MANUTENÇÃO-CASA;DESPESA;-R$ 69,98 ;Inter;Corrente;ESSENCIAIS
2025-06-01;JUNHO;FERREIRA COSTA         RECIFE        PE;MANUTENÇÃO-CASA;DESPESA;-R$ 69,98 ;Inter;Corrente;ESSENCIAIS
2025-05-01;MAIO;FERREIRA COSTA         RECIFE        PE;MANUTENÇÃO-CASA;DESPESA;-R$ 69,98 ;Inter;Corrente;ESSENCIAIS
2025-10-01;OUTUBRO;FERREIRA COSTA         RECIFE        PE;MANUTENÇÃO-CASA;DESPESA;-R$ 69,98 ;Inter;Corrente;ESSENCIAIS
2025-09-01;SETEMBRO;FERREIRA COSTA         RECIFE        PE;MANUTENÇÃO-CASA;DESPESA;-R$ 69,98 ;Inter;Corrente;ESSENCIAIS
2025-04-12;NOVEMBRO;FERREIRA COSTA         RECIFE        PE;MANUTENÇÃO-CASA;DESPESA;-R$ 69,98 ;Inter;Corrente;ESSENCIAIS
2025-10-01;OUTUBRO;ELETROTUDO             JOAO PESSOA   BRA;MANUTENÇÃO-CASA;DESPESA;-R$ 56,05 ;Inter;Corrente;ESSENCIAIS
2025-08-01;AGOSTO;O MESTRE HOME CENTER   JOAO PESSOA   BRA;MANUTENÇÃO-CASA;DESPESA;-R$ 55,80 ;Inter;Corrente;ESSENCIAIS
2025-02-01;FEVEREIRO;FERREIRA COSTA         RECIFE        PE;MANUTENÇÃO-CASA;DESPESA;-R$ 39,50 ;Inter;Corrente;ESSENCIAIS
2025-01-01;JANEIRO;FERREIRA COSTA         RECIFE        PE;MANUTENÇÃO-CASA;DESPESA;-R$ 39,50 ;Inter;Corrente;ESSENCIAIS
2025-03-01;MARÇO;FERREIRA COSTA         RECIFE        PE;MANUTENÇÃO-CASA;DESPESA;-R$ 39,50 ;Inter;Corrente;ESSENCIAIS
2025-07-01;JULHO;LEO MADEIRAS           JOAO PESSOA   BRA;MANUTENÇÃO-CASA;DESPESA;-R$ 34,54 ;Inter;Corrente;ESSENCIAIS
2025-07-01;JULHO;ELETROTUDO             JOAO PESSOA   BRA;MANUTENÇÃO-CASA;DESPESA;-R$ 32,00 ;Inter;Corrente;ESSENCIAIS
2025-02-01;FEVEREIRO;CENTRODECONSTRUCA;MANUTENÇÃO-CASA;DESPESA;-R$ 28,95 ;Santander;Corrente;ESSENCIAIS
2025-04-01;ABRIL;JULIANA DESCARTAVEIS   JOAO PESSOA   BRA;MANUTENÇÃO-CASA;DESPESA;-R$ 28,50 ;Inter;Corrente;ESSENCIAIS
2025-10-31;NOVEMBRO;PDV*MAIN PLASTICOS;MANUTENÇÃO-CASA;DESPESA;-R$ 26,70 ;Santander;Corrente;ESSENCIAIS
2025-08-01;AGOSTO;JULIANA DESCARTAVEIS   JOAO PESSOA   BRA;MANUTENÇÃO-CASA;DESPESA;-R$ 17,00 ;Inter;Corrente;ESSENCIAIS
2025-04-01;ABRIL;MP  PORTOBELLAMK       OSASCO        BRA;MANUTENÇÃO-CASA;DESPESA;-R$ 15,90 ;Inter;Corrente;ESSENCIAIS
2025-05-01;MAIO;JULIANA DESCARTAVEIS   JOAO PESSOA   BRA;MANUTENÇÃO-CASA;DESPESA;-R$ 12,50 ;Inter;Corrente;ESSENCIAIS
2025-07-01;JULHO;O MESTRE               JOAO PESSOA   BRA;MANUTENÇÃO-CASA;DESPESA;-R$ 12,05 ;Inter;Corrente;ESSENCIAIS
2025-10-01;OUTUBRO;CAMPLAST               JOAO PESSOA   BRA;MANUTENÇÃO-CASA;DESPESA;-R$ 8,66 ;Inter;Corrente;ESSENCIAIS
2025-08-01;AGOSTO;JULIANA DESCARTAVEIS   JOAO PESSOA   BRA;MANUTENÇÃO-CASA;DESPESA;-R$ 5,50 ;Inter;Corrente;ESSENCIAIS
2025-04-01;ABRIL;JV VARIEDADES          CONDE         BRA;MANUTENÇÃO-CASA;DESPESA;-R$ 5,00 ;Inter;Corrente;ESSENCIAIS
2025-03-01;MARÇO;CENTRO DE CONSTRUCA;MATERIAL DE CONSTRUÇÃO;DESPESA;-R$ 28,95 ;Santander;Corrente;ESSENCIAIS
2025-04-01;ABRIL;10 -PRESTAÇÃO APARTAMENTO;MORADIA;DESPESA;-R$ 1.800,00 ;Caixa;Corrente;ESSENCIAIS
2025-08-01;AGOSTO;10 -PRESTAÇÃO APARTAMENTO;MORADIA;DESPESA;-R$ 1.800,00 ;Caixa;Corrente;ESSENCIAIS
2025-02-01;FEVEREIRO;10 -PRESTAÇÃO APARTAMENTO;MORADIA;DESPESA;-R$ 1.800,00 ;Caixa;Corrente;ESSENCIAIS
2025-01-01;JANEIRO;10 -PRESTAÇÃO APARTAMENTO;MORADIA;DESPESA;-R$ 1.800,00 ;Caixa;Corrente;ESSENCIAIS
2025-07-01;JULHO;10 -PRESTAÇÃO APARTAMENTO;MORADIA;DESPESA;-R$ 1.800,00 ;Caixa;Corrente;ESSENCIAIS
2025-06-01;JUNHO;10 -PRESTAÇÃO APARTAMENTO;MORADIA;DESPESA;-R$ 1.800,00 ;Caixa;Corrente;ESSENCIAIS
2025-05-01;MAIO;10 -PRESTAÇÃO APARTAMENTO;MORADIA;DESPESA;-R$ 1.800,00 ;Caixa;Corrente;ESSENCIAIS
2025-03-01;MARÇO;10 -PRESTAÇÃO APARTAMENTO;MORADIA;DESPESA;-R$ 1.800,00 ;Caixa;Corrente;ESSENCIAIS
2025-10-01;OUTUBRO;10 -PRESTAÇÃO APARTAMENTO;MORADIA;DESPESA;-R$ 1.800,00 ;Caixa;Corrente;ESSENCIAIS
2025-09-01;SETEMBRO;10 -PRESTAÇÃO APARTAMENTO;MORADIA;DESPESA;-R$ 1.800,00 ;Caixa;Corrente;ESSENCIAIS
2025-11-01;NOVEMBRO;10 -PRESTAÇÃO APARTAMENTO;MORADIA;DESPESA;-R$ 1.800,00 ;Santander;Corrente;QUALIDADE_DE_VIDA
2025-04-01;ABRIL;10 - CONDOMINIO ;MORADIA;DESPESA;-R$ 731,89 ;Caixa;Corrente;ESSENCIAIS
2025-08-01;AGOSTO;10 - CONDOMINIO ;MORADIA;DESPESA;-R$ 731,89 ;Caixa;Corrente;ESSENCIAIS
2025-02-01;FEVEREIRO;10 - CONDOMINIO ;MORADIA;DESPESA;-R$ 731,89 ;Caixa;Corrente;ESSENCIAIS
2025-01-01;JANEIRO;10 - CONDOMINIO ;MORADIA;DESPESA;-R$ 731,89 ;Caixa;Corrente;ESSENCIAIS
2025-07-01;JULHO;10 - CONDOMINIO ;MORADIA;DESPESA;-R$ 731,89 ;Caixa;Corrente;ESSENCIAIS
2025-06-01;JUNHO;10 - CONDOMINIO ;MORADIA;DESPESA;-R$ 731,89 ;Caixa;Corrente;ESSENCIAIS
2025-05-01;MAIO;10 - CONDOMINIO ;MORADIA;DESPESA;-R$ 731,89 ;Caixa;Corrente;ESSENCIAIS
2025-03-01;MARÇO;10 - CONDOMINIO ;MORADIA;DESPESA;-R$ 731,89 ;Caixa;Corrente;ESSENCIAIS
2025-10-01;OUTUBRO;10 - CONDOMINIO ;MORADIA;DESPESA;-R$ 731,89 ;Caixa;Corrente;ESSENCIAIS
2025-09-01;SETEMBRO;10 - CONDOMINIO ;MORADIA;DESPESA;-R$ 731,89 ;Caixa;Corrente;ESSENCIAIS
2025-11-01;NOVEMBRO;10 - CONDOMINIO ;MORADIA;DESPESA;-R$ 731,89 ;Santander;Corrente;ESSENCIAIS
2025-04-01;ABRIL;LUMAE PRATAS   FRANQUI JOAO PESSOA   BRA;PRESENTES;DESPESA;-R$ 195,00 ;Inter;Corrente;QUALIDADE_DE_VIDA
2025-07-01;JULHO;61134579Rayssa         JOAO PESSOA   BRA;PRESENTES;DESPESA;-R$ 146,90 ;Inter;Corrente;QUALIDADE_DE_VIDA
2025-04-01;ABRIL;PDV FRICOTES LUXO      JOAO PESSOA   BRA;PRESENTES;DESPESA;-R$ 111,65 ;Inter;Corrente;QUALIDADE_DE_VIDA
2025-05-01;MAIO;PDV FRICOTES LUXO      JOAO PESSOA   BRA;PRESENTES;DESPESA;-R$ 111,65 ;Inter;Corrente;QUALIDADE_DE_VIDA
2025-03-01;MARÇO;PDV FRICOTES LUXO      JOAO PESSOA   BRA;PRESENTES;DESPESA;-R$ 111,65 ;Inter;Corrente;QUALIDADE_DE_VIDA
2025-07-01;JULHO;61134579Rayssa         JOAO PESSOA   BRA;PRESENTES;DESPESA;-R$ 97,68 ;Inter;Corrente;QUALIDADE_DE_VIDA
2025-10-01;OUTUBRO;61134579Rayssa         JOAO PESSOA   BRA;PRESENTES;DESPESA;-R$ 97,66 ;Inter;Corrente;QUALIDADE_DE_VIDA
2025-09-01;SETEMBRO;61134579Rayssa         JOAO PESSOA   BRA;PRESENTES;DESPESA;-R$ 97,66 ;Inter;Corrente;QUALIDADE_DE_VIDA
2025-02-01;FEVEREIRO;BRINQUEDOS E PRESENTES JOAO PESSOA   BRA;PRESENTES;DESPESA;-R$ 76,00 ;Inter;Corrente;QUALIDADE_DE_VIDA
2025-01-01;JANEIRO;BRINQUEDOS E PRESENTES JOAO PESSOA   BRA;PRESENTES;DESPESA;-R$ 76,00 ;Inter;Corrente;QUALIDADE_DE_VIDA
2025-02-01;FEVEREIRO;ZINZANE;PRESENTES;DESPESA;-R$ 69,99 ;Santander;Corrente;QUALIDADE_DE_VIDA
2025-10-10;NOVEMBRO;BRINQUEDOS E PRESENTES JOAO PESSOA   BRA;PRESENTES;DESPESA;-R$ 65,00 ;Inter;Corrente;QUALIDADE_DE_VIDA
2025-05-01;MAIO;BRINQUEDOS E PRESENTES JOAO PESSOA   BRA;PRESENTES;DESPESA;-R$ 45,00 ;Inter;Corrente;QUALIDADE_DE_VIDA
2025-10-22;NOVEMBRO;VANDERLEI ARRUDA       AROEIRAS      BRA;PRESENTES;DESPESA;-R$ 40,00 ;Inter;Corrente;QUALIDADE_DE_VIDA
2025-02-01;FEVEREIRO;HNA OBOTICARIO         JOAO PESSOA   BRA;PRESENTES;DESPESA;-R$ 37,66 ;Inter;Corrente;QUALIDADE_DE_VIDA
2025-01-01;JANEIRO;HNA OBOTICARIO         JOAO PESSOA   BRA;PRESENTES;DESPESA;-R$ 37,66 ;Inter;Corrente;QUALIDADE_DE_VIDA
2025-03-01;MARÇO;HNA OBOTICARIO         JOAO PESSOA   BRA;PRESENTES;DESPESA;-R$ 37,66 ;Inter;Corrente;QUALIDADE_DE_VIDA
2025-10-08;NOVEMBRO;ROTAS MAKEUP           JOAO PESSOA   BRA;PRESENTES;DESPESA;-R$ 35,00 ;Inter;Corrente;QUALIDADE_DE_VIDA
2025-09-19;NOVEMBRO;ModaPequena            JOAO PESSOA   BRA;PRESENTES;DESPESA;-R$ 29,00 ;Inter;Corrente;QUALIDADE_DE_VIDA
2025-10-01;OUTUBRO;FOTOGRAFEMAIS          JOAO PESSOA   BRA;PRESENTES;DESPESA;-R$ 28,00 ;Inter;Corrente;QUALIDADE_DE_VIDA
2025-06-01;JUNHO;PDV CANTINHO DAS ARTES JOAO PESSOA   BRA;PRESENTES;DESPESA;-R$ 25,90 ;Inter;Corrente;QUALIDADE_DE_VIDA
2025-06-01;JUNHO;MP  MILKOISAS          OSASCO        BRA;PRESENTES;DESPESA;-R$ 25,00 ;Inter;Corrente;QUALIDADE_DE_VIDA
2025-07-01;JULHO;MY ACESSORIOS TAMBIA   JOAO PESSOA   BRA;PRESENTES;DESPESA;-R$ 24,90 ;Inter;Corrente;QUALIDADE_DE_VIDA
2025-10-16;NOVEMBRO;LUMAE PRATAS   FRANQUI JOAO PESSOA   BRA;PRESENTES;DESPESA;-R$ 23,00 ;Inter;Corrente;QUALIDADE_DE_VIDA
2025-02-01;FEVEREIRO;MY ACESSORIOS TAMBIA   JOAO PESSOA   BRA;PRESENTES;DESPESA;-R$ 19,90 ;Inter;Corrente;QUALIDADE_DE_VIDA
2025-01-01;JANEIRO;MY ACESSORIOS TAMBIA   JOAO PESSOA   BRA;PRESENTES;DESPESA;-R$ 19,90 ;Inter;Corrente;QUALIDADE_DE_VIDA
2025-10-01;OUTUBRO;PRESENT                JOAO PESSOA   BRA;PRESENTES;DESPESA;-R$ 15,00 ;Inter;Corrente;QUALIDADE_DE_VIDA
2025-10-01;OUTUBRO;FOTOGRAFEMAIS          JOAO PESSOA   BRA;PRESENTES;DESPESA;-R$ 14,00 ;Inter;Corrente;QUALIDADE_DE_VIDA
2025-04-01;ABRIL;GRATIFICAÇÃO MEDIA MENSAL CLT-EDMUNDO;RENDA;RECEITA; R$ 400,00 ;RENDA EXTRA_2;Corrente;NÃO CLASSIFICADO
2025-08-01;AGOSTO;GRATIFICAÇÃO MEDIA MENSAL CLT-EDMUNDO;RENDA;RECEITA; R$ 400,00 ;RENDA EXTRA_2;Corrente;NÃO CLASSIFICADO
2025-02-01;FEVEREIRO;GRATIFICAÇÃO MEDIA MENSAL CLT-EDMUNDO;RENDA;RECEITA; R$ 400,00 ;RENDA EXTRA_2;Corrente;NÃO CLASSIFICADO
2025-01-01;JANEIRO;GRATIFICAÇÃO MEDIA MENSAL CLT-EDMUNDO;RENDA;RECEITA; R$ 400,00 ;RENDA EXTRA_2;Corrente;NÃO CLASSIFICADO
2025-07-01;JULHO;GRATIFICAÇÃO MEDIA MENSAL CLT-EDMUNDO;RENDA;RECEITA; R$ 400,00 ;RENDA EXTRA_2;Corrente;NÃO CLASSIFICADO
2025-06-01;JUNHO;GRATIFICAÇÃO MEDIA MENSAL CLT-EDMUNDO;RENDA;RECEITA; R$ 400,00 ;RENDA EXTRA_2;Corrente;NÃO CLASSIFICADO
2025-05-01;MAIO;GRATIFICAÇÃO MEDIA MENSAL CLT-EDMUNDO;RENDA;RECEITA; R$ 400,00 ;RENDA EXTRA_2;Corrente;NÃO CLASSIFICADO
2025-03-01;MARÇO;GRATIFICAÇÃO MEDIA MENSAL CLT-EDMUNDO;RENDA;RECEITA; R$ 400,00 ;RENDA EXTRA_2;Corrente;NÃO CLASSIFICADO
2025-10-01;OUTUBRO;GRATIFICAÇÃO MEDIA MENSAL CLT-EDMUNDO;RENDA;RECEITA; R$ 400,00 ;RENDA EXTRA_2;Corrente;NÃO CLASSIFICADO
2025-09-01;SETEMBRO;GRATIFICAÇÃO MEDIA MENSAL CLT-EDMUNDO;RENDA;RECEITA; R$ 400,00 ;RENDA EXTRA_2;Corrente;NÃO CLASSIFICADO
2025-11-01;NOVEMBRO;GRATIFICAÇÃO MEDIA MENSAL CLT-EDMUNDO;RENDA;RECEITA; R$ 400,00 ;RENDA EXTRA_2;Corrente;QUALIDADE_DE_VIDA
2025-04-01;ABRIL;SALARIO-CLT EDMUNDO;RENDA;RECEITA; R$ 3.300,00 ;SALARIO;Corrente;NÃO CLASSIFICADO
2025-08-01;AGOSTO;SALARIO-CLT EDMUNDO;RENDA;RECEITA; R$ 3.300,00 ;SALARIO;Corrente;NÃO CLASSIFICADO
2025-02-01;FEVEREIRO;SALARIO-CLT EDMUNDO;RENDA;RECEITA; R$ 3.300,00 ;SALARIO;Corrente;NÃO CLASSIFICADO
2025-01-01;JANEIRO;SALARIO-CLT EDMUNDO;RENDA;RECEITA; R$ 3.300,00 ;SALARIO;Corrente;NÃO CLASSIFICADO
2025-07-01;JULHO;SALARIO-CLT EDMUNDO;RENDA;RECEITA; R$ 3.300,00 ;SALARIO;Corrente;NÃO CLASSIFICADO
2025-06-01;JUNHO;SALARIO-CLT EDMUNDO;RENDA;RECEITA; R$ 3.300,00 ;SALARIO;Corrente;NÃO CLASSIFICADO
2025-05-01;MAIO;SALARIO-CLT EDMUNDO;RENDA;RECEITA; R$ 3.300,00 ;SALARIO;Corrente;NÃO CLASSIFICADO
2025-03-01;MARÇO;SALARIO-CLT EDMUNDO;RENDA;RECEITA; R$ 3.300,00 ;SALARIO;Corrente;NÃO CLASSIFICADO
2025-10-01;OUTUBRO;SALARIO-CLT EDMUNDO;RENDA;RECEITA; R$ 3.300,00 ;SALARIO;Corrente;NÃO CLASSIFICADO
2025-09-01;SETEMBRO;SALARIO-CLT EDMUNDO;RENDA;RECEITA; R$ 3.300,00 ;SALARIO;Corrente;NÃO CLASSIFICADO
2025-11-01;NOVEMBRO;SALARIO-CLT EDMUNDO;RENDA;RECEITA; R$ 3.300,00 ;SALARIO;Corrente;ESSENCIAIS
2025-04-01;ABRIL;SALARIO ROBERTA(ESPOSA);RENDA;RECEITA; R$ 3.500,00 ;SALARIO;Corrente;NÃO CLASSIFICADO
2025-08-01;AGOSTO;SALARIO ROBERTA(ESPOSA);RENDA;RECEITA; R$ 3.500,00 ;SALARIO;Corrente;NÃO CLASSIFICADO
2025-02-01;FEVEREIRO;SALARIO ROBERTA(ESPOSA);RENDA;RECEITA; R$ 3.500,00 ;SALARIO;Corrente;NÃO CLASSIFICADO
2025-01-01;JANEIRO;SALARIO ROBERTA(ESPOSA);RENDA;RECEITA; R$ 3.500,00 ;SALARIO;Corrente;NÃO CLASSIFICADO
2025-07-01;JULHO;SALARIO ROBERTA(ESPOSA);RENDA;RECEITA; R$ 3.500,00 ;SALARIO;Corrente;NÃO CLASSIFICADO
2025-06-01;JUNHO;SALARIO ROBERTA(ESPOSA);RENDA;RECEITA; R$ 3.500,00 ;SALARIO;Corrente;NÃO CLASSIFICADO
2025-05-01;MAIO;SALARIO ROBERTA(ESPOSA);RENDA;RECEITA; R$ 3.500,00 ;SALARIO;Corrente;NÃO CLASSIFICADO
2025-03-01;MARÇO;SALARIO ROBERTA(ESPOSA);RENDA;RECEITA; R$ 3.500,00 ;SALARIO;Corrente;NÃO CLASSIFICADO
2025-10-01;OUTUBRO;SALARIO ROBERTA(ESPOSA);RENDA;RECEITA; R$ 3.500,00 ;SALARIO;Corrente;NÃO CLASSIFICADO
2025-09-01;SETEMBRO;SALARIO ROBERTA(ESPOSA);RENDA;RECEITA; R$ 3.500,00 ;SALARIO;Corrente;NÃO CLASSIFICADO
2025-11-01;NOVEMBRO;SALARIO ROBERTA(ESPOSA);RENDA;RECEITA; R$ 3.500,00 ;SALARIO;Corrente;ESSENCIAIS
2025-04-01;ABRIL;FREELANCER-EUA-EDMUNDO;RENDA;RECEITA; R$ 4.000,00 ;RENDA EXTRA;Corrente;NÃO CLASSIFICADO
2025-08-01;AGOSTO;FREELANCER-EUA-EDMUNDO;RENDA;RECEITA; R$ 4.000,00 ;RENDA EXTRA;Corrente;NÃO CLASSIFICADO
2025-02-01;FEVEREIRO;FREELANCER-EUA-EDMUNDO;RENDA;RECEITA; R$ 4.000,00 ;RENDA EXTRA;Corrente;NÃO CLASSIFICADO
2025-01-01;JANEIRO;FREELANCER-EUA-EDMUNDO;RENDA;RECEITA; R$ 4.000,00 ;RENDA EXTRA;Corrente;NÃO CLASSIFICADO
2025-07-01;JULHO;FREELANCER-EUA-EDMUNDO;RENDA;RECEITA; R$ 4.000,00 ;RENDA EXTRA;Corrente;NÃO CLASSIFICADO
2025-06-01;JUNHO;FREELANCER-EUA-EDMUNDO;RENDA;RECEITA; R$ 4.000,00 ;RENDA EXTRA;Corrente;NÃO CLASSIFICADO
2025-05-01;MAIO;FREELANCER-EUA-EDMUNDO;RENDA;RECEITA; R$ 4.000,00 ;RENDA EXTRA;Corrente;NÃO CLASSIFICADO
2025-03-01;MARÇO;FREELANCER-EUA-EDMUNDO;RENDA;RECEITA; R$ 4.000,00 ;RENDA EXTRA;Corrente;NÃO CLASSIFICADO
2025-10-01;OUTUBRO;FREELANCER-EUA-EDMUNDO;RENDA;RECEITA; R$ 4.000,00 ;RENDA EXTRA;Corrente;NÃO CLASSIFICADO
2025-09-01;SETEMBRO;FREELANCER-EUA-EDMUNDO;RENDA;RECEITA; R$ 4.000,00 ;RENDA EXTRA;Corrente;NÃO CLASSIFICADO
2025-11-01;NOVEMBRO;FREELANCER-EUA-EDMUNDO;RENDA;RECEITA; R$ 4.000,00 ;RENDA EXTRA;Corrente;QUALIDADE_DE_VIDA
2025-04-01;ABRIL;HUGUETTE PEREIRA BAST;SAUDE;DESPESA;-R$ 170,00 ;Santander;Corrente;ESSENCIAIS
2025-02-01;FEVEREIRO;ORTO PRIME;SAUDE;DESPESA;-R$ 100,00 ;Santander;Corrente;ESSENCIAIS
2025-03-01;MARÇO;ORTO PRIME;SAUDE;DESPESA;-R$ 100,00 ;Santander;Corrente;ESSENCIAIS
2025-04-01;ABRIL;OTICAS BESSA;SAUDE;DESPESA;-R$ 84,90 ;Santander;Corrente;ESSENCIAIS
2025-02-01;FEVEREIRO;OTICAS BESSA;SAUDE;DESPESA;-R$ 84,90 ;Santander;Corrente;ESSENCIAIS
2025-03-01;MARÇO;OTICAS BESSA;SAUDE;DESPESA;-R$ 84,90 ;Santander;Corrente;ESSENCIAIS
2025-10-01;OUTUBRO;LAB DE ANAL M ALMEIDA  JOAO PESSOA   BRA;SAUDE;DESPESA;-R$ 37,00 ;Inter;Corrente;ESSENCIAIS
2025-10-20;NOVEMBRO;MP *LAVANDERIA;SERVIÇOS;DESPESA;-R$ 49,50 ;Inter;Corrente;NÃO CLASSIFICADO
2025-08-01;AGOSTO;IOF INTERNACIONAL;TAXA;DESPESA;-R$ 28,83 ;Inter;Corrente;ESSENCIAIS
2025-06-01;JUNHO;IOF DESPESA NO EXTERIOR;TAXA;DESPESA;-R$ 26,72 ;Santander;Corrente;ESSENCIAIS
2025-05-01;MAIO;IOF DESPESA NO EXTERIOR;TAXA;DESPESA;-R$ 26,72 ;Santander;Corrente;ESSENCIAIS
2025-09-01;SETEMBRO;IOF INTERNACIONAL;TAXA;DESPESA;-R$ 9,07 ;Inter;Corrente;ESSENCIAIS
2025-04-01;ABRIL;15 - FATURA ITAÚ;TAXA;DESPESA;-R$ 7,49 ;Caixa;Corrente;ESSENCIAIS
2025-08-01;AGOSTO;15 - FATURA ITAÚ;TAXA;DESPESA;-R$ 7,49 ;Caixa;Corrente;ESSENCIAIS
2025-02-01;FEVEREIRO;15 - FATURA ITAÚ;TAXA;DESPESA;-R$ 7,49 ;Caixa;Corrente;ESSENCIAIS
2025-01-01;JANEIRO;15 - FATURA ITAÚ;TAXA;DESPESA;-R$ 7,49 ;Caixa;Corrente;ESSENCIAIS
2025-07-01;JULHO;15 - FATURA ITAÚ;TAXA;DESPESA;-R$ 7,49 ;Caixa;Corrente;ESSENCIAIS
2025-06-01;JUNHO;15 - FATURA ITAÚ;TAXA;DESPESA;-R$ 7,49 ;Caixa;Corrente;ESSENCIAIS
2025-05-01;MAIO;15 - FATURA ITAÚ;TAXA;DESPESA;-R$ 7,49 ;Caixa;Corrente;ESSENCIAIS
2025-03-01;MARÇO;15 - FATURA ITAÚ;TAXA;DESPESA;-R$ 7,49 ;Caixa;Corrente;ESSENCIAIS
2025-10-01;OUTUBRO;15 - FATURA ITAÚ;TAXA;DESPESA;-R$ 7,49 ;Caixa;Corrente;ESSENCIAIS
2025-09-01;SETEMBRO;15 - FATURA ITAÚ;TAXA;DESPESA;-R$ 7,49 ;Caixa;Corrente;ESSENCIAIS
2025-11-01;NOVEMBRO;15 - FATURA ITAÚ;TAXA;DESPESA;-R$ 7,49 ;Santander;Corrente;NÃO CLASSIFICADO
2025-09-01;SETEMBRO;IOF INTERNACIONAL;TAXA;DESPESA;-R$ 6,31 ;Inter;Corrente;ESSENCIAIS
2025-10-01;OUTUBRO;IOF DESPESA NO EXTERIOR;TAXA;DESPESA;-R$ 6,23 ;Santander;Corrente;ESSENCIAIS
2025-10-22;NOVEMBRO;IOF INTERNACIONAL;TAXA;DESPESA;-R$ 6,20 ;Inter;Corrente;NÃO CLASSIFICADO
2025-08-01;AGOSTO;IOF INTERNACIONAL;TAXA;DESPESA;-R$ 6,18 ;Inter;Corrente;ESSENCIAIS
2025-06-01;JUNHO;IOF DESPESA NO EXTERIOR;TAXA;DESPESA;-R$ 6,15 ;Santander;Corrente;ESSENCIAIS
2025-05-01;MAIO;IOF DESPESA NO EXTERIOR;TAXA;DESPESA;-R$ 6,15 ;Santander;Corrente;ESSENCIAIS
2025-10-01;OUTUBRO;IOF INTERNACIONAL;TAXA;DESPESA;-R$ 6,15 ;Inter;Corrente;ESSENCIAIS
2025-07-01;JULHO;IOF DESPESA NO EXTERIOR;TAXA;DESPESA;-R$ 6,08 ;Santander;Corrente;ESSENCIAIS
2025-08-01;AGOSTO;IOF DESPESA NO EXTERIOR;TAXA;DESPESA;-R$ 5,75 ;Santander;Corrente;ESSENCIAIS
2025-06-01;JUNHO;IOF INTERNACIONAL;TAXA;DESPESA;-R$ 4,01 ;Inter;Corrente;ESSENCIAIS
2025-09-01;SETEMBRO;IOF DESPESA NO EXTERIOR;TAXA;DESPESA;-R$ 3,15 ;Santander;Corrente;ESSENCIAIS
2025-10-28;NOVEMBRO;UNIDAS LOCADORA JPA2;TRANSPORTE;DESPESA;-R$ 700,00 ;Inter;Corrente;NÃO CLASSIFICADO
2025-07-01;JULHO;JOSEFA RODRIGUES DE LI JOAO PESSOA   BRA;TRANSPORTE;DESPESA;-R$ 65,00 ;Inter;Corrente;ESSENCIAIS
2025-07-01;JULHO;UBER  TRIP             OSASCO        BRA;TRANSPORTE;DESPESA;-R$ 26,99 ;Inter;Corrente;ESSENCIAIS
2025-07-01;JULHO;Uber UBER  TRIP HELP U SAO PAULO     BRA;TRANSPORTE;DESPESA;-R$ 26,97 ;Inter;Corrente;ESSENCIAIS
2025-08-01;AGOSTO;UBER  TRIP             OSASCO        BRA;TRANSPORTE;DESPESA;-R$ 25,92 ;Inter;Corrente;ESSENCIAIS
2025-10-23;NOVEMBRO;UBER  TRIP             OSASCO        BRA;TRANSPORTE;DESPESA;-R$ 24,91 ;Inter;Corrente;NÃO CLASSIFICADO
2025-08-01;AGOSTO;Uber UBER  TRIP HELP U SAO PAULO     BRA;TRANSPORTE;DESPESA;-R$ 23,31 ;Inter;Corrente;ESSENCIAIS
2025-02-01;FEVEREIRO;UBER  TRIP             OSASCO        BRA;TRANSPORTE;DESPESA;-R$ 22,91 ;Inter;Corrente;ESSENCIAIS
2025-01-01;JANEIRO;UBER  TRIP             OSASCO        BRA;TRANSPORTE;DESPESA;-R$ 22,91 ;Inter;Corrente;ESSENCIAIS
2025-10-19;NOVEMBRO;Uber UBER  TRIP HELP U SAO PAULO     BRA;TRANSPORTE;DESPESA;-R$ 22,91 ;Inter;Corrente;NÃO CLASSIFICADO
2025-03-01;MARÇO;UBER  TRIP             OSASCO        BRA;TRANSPORTE;DESPESA;-R$ 21,98 ;Inter;Corrente;ESSENCIAIS
2025-07-01;JULHO;UBER  TRIP             OSASCO        BRA;TRANSPORTE;DESPESA;-R$ 20,91 ;Inter;Corrente;ESSENCIAIS
2025-08-01;AGOSTO;UBER  TRIP             OSASCO        BRA;TRANSPORTE;DESPESA;-R$ 19,98 ;Inter;Corrente;ESSENCIAIS
2025-07-01;JULHO;Uber UBER  TRIP HELP U SAO PAULO     BRA;TRANSPORTE;DESPESA;-R$ 19,94 ;Inter;Corrente;ESSENCIAIS
2025-07-01;JULHO;UBER  TRIP             OSASCO        BRA;TRANSPORTE;DESPESA;-R$ 19,91 ;Inter;Corrente;ESSENCIAIS
2025-02-01;FEVEREIRO;UBER  TRIP             OSASCO        BRA;TRANSPORTE;DESPESA;-R$ 19,56 ;Inter;Corrente;ESSENCIAIS
2025-01-01;JANEIRO;UBER  TRIP             OSASCO        BRA;TRANSPORTE;DESPESA;-R$ 19,56 ;Inter;Corrente;ESSENCIAIS
2025-08-01;AGOSTO;Uber UBER  TRIP HELP U SAO PAULO     BRA;TRANSPORTE;DESPESA;-R$ 18,92 ;Inter;Corrente;ESSENCIAIS
2025-07-01;JULHO;Uber UBER  TRIP HELP U SAO PAULO     BRA;TRANSPORTE;DESPESA;-R$ 18,92 ;Inter;Corrente;ESSENCIAIS
2025-07-01;JULHO;Uber UBER  TRIP HELP U SAO PAULO     BRA;TRANSPORTE;DESPESA;-R$ 18,91 ;Inter;Corrente;ESSENCIAIS
2025-02-01;FEVEREIRO;UBER  TRIP             OSASCO        BRA;TRANSPORTE;DESPESA;-R$ 18,58 ;Inter;Corrente;ESSENCIAIS
2025-01-01;JANEIRO;UBER  TRIP             OSASCO        BRA;TRANSPORTE;DESPESA;-R$ 18,58 ;Inter;Corrente;ESSENCIAIS
2025-08-01;AGOSTO;UBER  TRIP             OSASCO        BRA;TRANSPORTE;DESPESA;-R$ 18,00 ;Inter;Corrente;ESSENCIAIS
2025-05-01;MAIO;UBER  TRIP             OSASCO        BRA;TRANSPORTE;DESPESA;-R$ 17,97 ;Inter;Corrente;ESSENCIAIS
2025-04-01;ABRIL;Uber UBER  TRIP HELP U SAO PAULO     BRA;TRANSPORTE;DESPESA;-R$ 17,96 ;Inter;Corrente;ESSENCIAIS
2025-05-01;MAIO;Uber UBER  TRIP HELP U SAO PAULO     BRA;TRANSPORTE;DESPESA;-R$ 17,96 ;Inter;Corrente;ESSENCIAIS
2025-03-01;MARÇO;Uber UBER  TRIP HELP U SAO PAULO     BRA;TRANSPORTE;DESPESA;-R$ 17,96 ;Inter;Corrente;ESSENCIAIS
2025-04-01;ABRIL;Uber UBER  TRIP HELP U SAO PAULO     BRA;TRANSPORTE;DESPESA;-R$ 17,95 ;Inter;Corrente;ESSENCIAIS
2025-05-01;MAIO;UBER  TRIP             OSASCO        BRA;TRANSPORTE;DESPESA;-R$ 17,95 ;Inter;Corrente;ESSENCIAIS
2025-03-01;MARÇO;Uber UBER  TRIP HELP U SAO PAULO     BRA;TRANSPORTE;DESPESA;-R$ 17,93 ;Inter;Corrente;ESSENCIAIS
2025-05-01;MAIO;Uber UBER  TRIP HELP U SAO PAULO     BRA;TRANSPORTE;DESPESA;-R$ 17,92 ;Inter;Corrente;ESSENCIAIS
2025-10-29;NOVEMBRO;UBER  TRIP             OSASCO        BRA;TRANSPORTE;DESPESA;-R$ 17,91 ; Caixa ;Corrente;NÃO CLASSIFICADO
2025-09-01;SETEMBRO;POSTO SANTA MARCELINA;TRANSPORTE;DESPESA;-R$ 17,00 ;Santander;Corrente;ESSENCIAIS
2025-04-01;ABRIL;UBER  TRIP             OSASCO        BRA;TRANSPORTE;DESPESA;-R$ 16,99 ;Inter;Corrente;ESSENCIAIS
2025-04-01;ABRIL;Uber UBER  TRIP HELP U SAO PAULO     BRA;TRANSPORTE;DESPESA;-R$ 16,99 ;Inter;Corrente;ESSENCIAIS
2025-06-01;JUNHO;UBER  TRIP             OSASCO        BRA;TRANSPORTE;DESPESA;-R$ 16,99 ;Inter;Corrente;ESSENCIAIS
2025-02-01;FEVEREIRO;UBER  TRIP             OSASCO        BRA;TRANSPORTE;DESPESA;-R$ 16,98 ;Inter;Corrente;ESSENCIAIS
2025-01-01;JANEIRO;UBER  TRIP             OSASCO        BRA;TRANSPORTE;DESPESA;-R$ 16,98 ;Inter;Corrente;ESSENCIAIS
2025-09-01;SETEMBRO;UBER  TRIP             OSASCO        BRA;TRANSPORTE;DESPESA;-R$ 16,97 ;Inter;Corrente;ESSENCIAIS
2025-10-11;NOVEMBRO;Uber UBER  TRIP HELP U SAO PAULO     BRA;TRANSPORTE;DESPESA;-R$ 16,97 ;Inter;Corrente;NÃO CLASSIFICADO
2025-10-27;NOVEMBRO;Uber UBER  TRIP HELP U SAO PAULO     BRA;TRANSPORTE;DESPESA;-R$ 16,97 ;Inter;Corrente;NÃO CLASSIFICADO
2025-04-01;ABRIL;UBER  TRIP             OSASCO        BRA;TRANSPORTE;DESPESA;-R$ 16,96 ;Inter;Corrente;ESSENCIAIS
2025-07-01;JULHO;Uber UBER  TRIP HELP U SAO PAULO     BRA;TRANSPORTE;DESPESA;-R$ 16,96 ;Inter;Corrente;ESSENCIAIS
2025-06-01;JUNHO;UBER UBER  TRIP HELP U SAO PAULO     BRA;TRANSPORTE;DESPESA;-R$ 16,96 ;Inter;Corrente;ESSENCIAIS
2025-10-21;NOVEMBRO;Uber UBER  TRIP HELP U SAO PAULO     BRA;TRANSPORTE;DESPESA;-R$ 16,95 ;Inter;Corrente;NÃO CLASSIFICADO
2025-06-01;JUNHO;UBER  TRIP             OSASCO        BRA;TRANSPORTE;DESPESA;-R$ 16,93 ;Inter;Corrente;ESSENCIAIS
2025-06-01;JUNHO;UBER  TRIP             OSASCO        BRA;TRANSPORTE;DESPESA;-R$ 16,93 ;Inter;Corrente;ESSENCIAIS
2025-02-01;FEVEREIRO;Uber UBER  TRIP HELP U SAO PAULO     BRA;TRANSPORTE;DESPESA;-R$ 16,92 ;Inter;Corrente;ESSENCIAIS
2025-01-01;JANEIRO;Uber UBER  TRIP HELP U SAO PAULO     BRA;TRANSPORTE;DESPESA;-R$ 16,92 ;Inter;Corrente;ESSENCIAIS
2025-07-01;JULHO;Uber UBER  TRIP HELP U SAO PAULO     BRA;TRANSPORTE;DESPESA;-R$ 16,92 ;Inter;Corrente;ESSENCIAIS
2025-08-01;AGOSTO;UBER  TRIP             OSASCO        BRA;TRANSPORTE;DESPESA;-R$ 16,91 ;Inter;Corrente;ESSENCIAIS
2025-10-01;OUTUBRO;Uber UBER  TRIP HELP U SAO PAULO     BRA;TRANSPORTE;DESPESA;-R$ 16,27 ;Inter;Corrente;ESSENCIAIS
2025-10-01;OUTUBRO;UBER  TRIP             OSASCO        BRA;TRANSPORTE;DESPESA;-R$ 16,13 ;Inter;Corrente;ESSENCIAIS
2025-08-01;AGOSTO;Uber UBER  TRIP HELP U SAO PAULO     BRA;TRANSPORTE;DESPESA;-R$ 15,97 ;Inter;Corrente;ESSENCIAIS
2025-02-01;FEVEREIRO;Uber UBER  TRIP HELP U SAO PAULO     BRA;TRANSPORTE;DESPESA;-R$ 15,96 ;Inter;Corrente;ESSENCIAIS
2025-01-01;JANEIRO;Uber UBER  TRIP HELP U SAO PAULO     BRA;TRANSPORTE;DESPESA;-R$ 15,96 ;Inter;Corrente;ESSENCIAIS
2025-06-01;JUNHO;UBER  TRIP             OSASCO        BRA;TRANSPORTE;DESPESA;-R$ 15,94 ;Inter;Corrente;ESSENCIAIS
2025-10-01;OUTUBRO;Uber UBER  TRIP HELP U SAO PAULO     BRA;TRANSPORTE;DESPESA;-R$ 15,94 ;Inter;Corrente;ESSENCIAIS
2025-09-01;SETEMBRO;Uber UBER  TRIP HELP U SAO PAULO     BRA;TRANSPORTE;DESPESA;-R$ 15,92 ;Inter;Corrente;ESSENCIAIS
2025-10-05;NOVEMBRO;Uber UBER  TRIP HELP U SAO PAULO     BRA;TRANSPORTE;DESPESA;-R$ 15,92 ;Inter;Corrente;NÃO CLASSIFICADO
2025-02-01;FEVEREIRO;UBER  TRIP             OSASCO        BRA;TRANSPORTE;DESPESA;-R$ 15,90 ;Inter;Corrente;ESSENCIAIS
2025-01-01;JANEIRO;UBER  TRIP             OSASCO        BRA;TRANSPORTE;DESPESA;-R$ 15,90 ;Inter;Corrente;ESSENCIAIS
2025-08-01;AGOSTO;Uber UBER  TRIP HELP U SAO PAULO     BRA;TRANSPORTE;DESPESA;-R$ 15,74 ;Inter;Corrente;ESSENCIAIS
2025-09-01;SETEMBRO;Uber UBER  TRIP HELP U SAO PAULO     BRA;TRANSPORTE;DESPESA;-R$ 15,74 ;Inter;Corrente;ESSENCIAIS
2025-04-01;ABRIL;MarileneCostaDe        CABEDELO      BRA;TRANSPORTE;DESPESA;-R$ 15,00 ;Inter;Corrente;ESSENCIAIS
2025-05-01;MAIO;UBER  TRIP             OSASCO        BRA;TRANSPORTE;DESPESA;-R$ 14,99 ;Inter;Corrente;ESSENCIAIS
2025-07-01;JULHO;UBER  TRIP             OSASCO        BRA;TRANSPORTE;DESPESA;-R$ 14,97 ;Inter;Corrente;ESSENCIAIS
2025-06-01;JUNHO;UBER  TRIP             OSASCO        BRA;TRANSPORTE;DESPESA;-R$ 14,97 ;Inter;Corrente;ESSENCIAIS
2025-04-01;ABRIL;Uber UBER  TRIP HELP U SAO PAULO     BRA;TRANSPORTE;DESPESA;-R$ 14,94 ;Inter;Corrente;ESSENCIAIS
2025-07-01;JULHO;UBER  TRIP             OSASCO        BRA;TRANSPORTE;DESPESA;-R$ 14,92 ;Inter;Corrente;ESSENCIAIS
2025-02-01;FEVEREIRO;UBER  TRIP             OSASCO        BRA;TRANSPORTE;DESPESA;-R$ 14,91 ;Inter;Corrente;ESSENCIAIS
2025-01-01;JANEIRO;UBER  TRIP             OSASCO        BRA;TRANSPORTE;DESPESA;-R$ 14,91 ;Inter;Corrente;ESSENCIAIS
2025-10-01;OUTUBRO;Uber UBER  TRIP HELP U SAO PAULO     BRA;TRANSPORTE;DESPESA;-R$ 14,42 ;Inter;Corrente;ESSENCIAIS
2025-10-01;OUTUBRO;UBER  TRIP             OSASCO        BRA;TRANSPORTE;DESPESA;-R$ 13,91 ;Inter;Corrente;ESSENCIAIS
2025-06-01;JUNHO;UBER UBER  TRIP HELP U SAO PAULO     BRA;TRANSPORTE;DESPESA;-R$ 12,98 ;Inter;Corrente;ESSENCIAIS
2025-10-01;OUTUBRO;UBER  TRIP             OSASCO        BRA;TRANSPORTE;DESPESA;-R$ 11,96 ;Inter;Corrente;ESSENCIAIS
2025-05-01;MAIO;UBER  TRIP             OSASCO        BRA;TRANSPORTE;DESPESA;-R$ 11,94 ;Inter;Corrente;ESSENCIAIS
2025-05-01;MAIO;Uber UBER  TRIP HELP U SAO PAULO     BRA;TRANSPORTE;DESPESA;-R$ 11,92 ;Inter;Corrente;ESSENCIAIS
2025-10-20;NOVEMBRO;Uber UBER  TRIP HELP U SAO PAULO     BRA;TRANSPORTE;DESPESA;-R$ 11,89 ;Inter;Corrente;NÃO CLASSIFICADO
2025-08-01;AGOSTO;Uber UBER  TRIP HELP U SAO PAULO     BRA;TRANSPORTE;DESPESA;-R$ 10,97 ;Inter;Corrente;ESSENCIAIS
2025-10-01;OUTUBRO;UBER  TRIP             OSASCO        BRA;TRANSPORTE;DESPESA;-R$ 10,96 ;Inter;Corrente;ESSENCIAIS
2025-06-01;JUNHO;UBER UBER  TRIP HELP U SAO PAULO     BRA;TRANSPORTE;DESPESA;-R$ 10,95 ;Inter;Corrente;ESSENCIAIS
2025-07-01;JULHO;Uber UBER  TRIP HELP U SAO PAULO     BRA;TRANSPORTE;DESPESA;-R$ 10,93 ;Inter;Corrente;ESSENCIAIS
2025-09-01;SETEMBRO;UBER  TRIP             OSASCO        BRA;TRANSPORTE;DESPESA;-R$ 10,46 ;Inter;Corrente;ESSENCIAIS
2025-02-01;FEVEREIRO;UBER  TRIP             OSASCO        BRA;TRANSPORTE;DESPESA;-R$ 9,98 ;Inter;Corrente;ESSENCIAIS
2025-01-01;JANEIRO;UBER  TRIP             OSASCO        BRA;TRANSPORTE;DESPESA;-R$ 9,98 ;Inter;Corrente;ESSENCIAIS
2025-08-01;AGOSTO;Uber UBER  TRIP HELP U SAO PAULO     BRA;TRANSPORTE;DESPESA;-R$ 9,92 ;Inter;Corrente;ESSENCIAIS
2025-07-01;JULHO;UBER  TRIP             OSASCO        BRA;TRANSPORTE;DESPESA;-R$ 9,92 ;Inter;Corrente;ESSENCIAIS
2025-07-01;JULHO;UBER  TRIP             OSASCO        BRA;TRANSPORTE;DESPESA;-R$ 9,92 ;Inter;Corrente;ESSENCIAIS
2025-04-01;ABRIL;Uber UBER  TRIP HELP U SAO PAULO     BRA;TRANSPORTE;DESPESA;-R$ 9,43 ;Inter;Corrente;ESSENCIAIS
2025-04-01;ABRIL;ED COM ALTIPLEX OFFICE Joao Pessoa   BRA;TRANSPORTE;DESPESA;-R$ 9,00 ;Inter;Corrente;ESSENCIAIS
2025-10-20;NOVEMBRO;ALLPARK EMPREENDIMENTO Joao Pessoa   BRA;TRANSPORTE;DESPESA;-R$ 9,00 ;Inter;Corrente;NÃO CLASSIFICADO
2025-03-01;MARÇO;Uber UBER  TRIP HELP U SAO PAULO     BRA;TRANSPORTE;DESPESA;-R$ 8,98 ;Inter;Corrente;ESSENCIAIS
2025-03-01;MARÇO;Uber UBER  TRIP HELP U SAO PAULO     BRA;TRANSPORTE;DESPESA;-R$ 8,96 ;Inter;Corrente;ESSENCIAIS
2025-10-29;NOVEMBRO;Uber UBER  TRIP HELP U SAO PAULO     BRA;TRANSPORTE;DESPESA;-R$ 8,95 ; Caixa ;Corrente;NÃO CLASSIFICADO
2025-06-01;JUNHO;UBER  TRIP             OSASCO        BRA;TRANSPORTE;DESPESA;-R$ 8,93 ;Inter;Corrente;ESSENCIAIS
2025-06-01;JUNHO;UBER UBER  TRIP HELP U SAO PAULO     BRA;TRANSPORTE;DESPESA;-R$ 8,93 ;Inter;Corrente;ESSENCIAIS
2025-03-01;MARÇO;UBER  TRIP             OSASCO        BRA;TRANSPORTE;DESPESA;-R$ 8,93 ;Inter;Corrente;ESSENCIAIS
2025-03-01;MARÇO;UBER  TRIP             OSASCO        BRA;TRANSPORTE;DESPESA;-R$ 8,92 ;Inter;Corrente;ESSENCIAIS
2025-10-01;OUTUBRO;UBER  TRIP             OSASCO        BRA;TRANSPORTE;DESPESA;-R$ 8,92 ;Inter;Corrente;ESSENCIAIS
2025-10-28;NOVEMBRO;UBER  TRIP             OSASCO        BRA;TRANSPORTE;DESPESA;-R$ 8,92 ;Inter;Corrente;NÃO CLASSIFICADO
2025-10-01;OUTUBRO;UBER  TRIP             OSASCO        BRA;TRANSPORTE;DESPESA;-R$ 8,91 ;Inter;Corrente;ESSENCIAIS
2025-06-01;JUNHO;UBER  TRIP             OSASCO        BRA;TRANSPORTE;DESPESA;-R$ 8,76 ;Inter;Corrente;ESSENCIAIS
2025-08-01;AGOSTO;PIRAMIDE PARK SERVI    JOAO PESSOA   BRA;TRANSPORTE;DESPESA;-R$ 8,00 ;Inter;Corrente;ESSENCIAIS
2025-03-01;MARÇO;POSTO LAIS XXIV;TRANSPORTE;DESPESA;-R$ 7,99 ;Santander;Corrente;ESSENCIAIS
2025-07-01;JULHO;Uber UBER  TRIP HELP U SAO PAULO     BRA;TRANSPORTE;DESPESA;-R$ 7,93 ;Inter;Corrente;ESSENCIAIS
2025-03-01;MARÇO;UBER  TRIP             OSASCO        BRA;TRANSPORTE;DESPESA;-R$ 7,45 ;Inter;Corrente;ESSENCIAIS
2025-03-01;MARÇO;Uber UBER  TRIP HELP U SAO PAULO     BRA;TRANSPORTE;DESPESA;-R$ 6,74 ;Inter;Corrente;ESSENCIAIS
2025-02-01;FEVEREIRO;Uber UBER  TRIP HELP U SAO PAULO     BRA;TRANSPORTE;DESPESA;-R$ 6,59 ;Inter;Corrente;ESSENCIAIS
2025-01-01;JANEIRO;Uber UBER  TRIP HELP U SAO PAULO     BRA;TRANSPORTE;DESPESA;-R$ 6,59 ;Inter;Corrente;ESSENCIAIS
2025-10-23;NOVEMBRO;Uber UBER  TRIP HELP U SAO PAULO     BRA;TRANSPORTE;DESPESA;-R$ 6,34 ;Inter;Corrente;NÃO CLASSIFICADO
2025-02-01;FEVEREIRO;UBER  TRIP             OSASCO        BRA;TRANSPORTE;DESPESA;-R$ 6,06 ;Inter;Corrente;ESSENCIAIS
2025-01-01;JANEIRO;UBER  TRIP             OSASCO        BRA;TRANSPORTE;DESPESA;-R$ 6,06 ;Inter;Corrente;ESSENCIAIS
2025-08-01;AGOSTO;INOVA ESTACIONAMENTO   JOAO PESSOA   BRA;TRANSPORTE;DESPESA;-R$ 5,00 ;Inter;Corrente;ESSENCIAIS
2025-07-01;JULHO;Uber UBER  TRIP HELP U SAO PAULO     BRA;TRANSPORTE;DESPESA;-R$ 4,94 ;Inter;Corrente;ESSENCIAIS
2025-10-01;OUTUBRO;GR SERVICOS            Santa Rita    BRA;TRANSPORTE;DESPESA;-R$ 4,00 ;Inter;Corrente;ESSENCIAIS
2025-09-01;SETEMBRO;HAVAN JOAO PESSOA      JOAO PESSOA   BRA;VESTUARIO;DESPESA;-R$ 239,96 ;Inter;Corrente;QUALIDADE_DE_VIDA
2025-10-01;OUTUBRO;MAGALU       Magalu    FRANCA        BRA;VESTUARIO;DESPESA;-R$ 164,80 ;Inter;Corrente;QUALIDADE_DE_VIDA
2025-04-01;ABRIL;MAGALU LJ0769          JOAO PESSOA   BRA;VESTUARIO;DESPESA;-R$ 155,00 ;Inter;Corrente;QUALIDADE_DE_VIDA
2025-02-01;FEVEREIRO;MAGALU LJ0769          JOAO PESSOA   BRA;VESTUARIO;DESPESA;-R$ 155,00 ;Inter;Corrente;QUALIDADE_DE_VIDA
2025-01-01;JANEIRO;MAGALU LJ0769          JOAO PESSOA   BRA;VESTUARIO;DESPESA;-R$ 155,00 ;Inter;Corrente;QUALIDADE_DE_VIDA
2025-03-01;MARÇO;MAGALU LJ0769          JOAO PESSOA   BRA;VESTUARIO;DESPESA;-R$ 155,00 ;Inter;Corrente;QUALIDADE_DE_VIDA
2025-08-01;AGOSTO;LA CAMICERIA MANAIRA;VESTUARIO;DESPESA;-R$ 137,97 ;Santander;Corrente;QUALIDADE_DE_VIDA
2025-07-01;JULHO;LA CAMICERIA MANAIRA;VESTUARIO;DESPESA;-R$ 137,97 ;Santander;Corrente;QUALIDADE_DE_VIDA
2025-10-01;OUTUBRO;LA CAMICERIA MANAIRA;VESTUARIO;DESPESA;-R$ 137,97 ;Santander;Corrente;QUALIDADE_DE_VIDA
2025-09-01;SETEMBRO;LA CAMICERIA MANAIRA;VESTUARIO;DESPESA;-R$ 137,97 ;Santander;Corrente;QUALIDADE_DE_VIDA
2025-10-01;OUTUBRO;LINS PRADO;VESTUARIO;DESPESA;-R$ 114,50 ;Santander;Corrente;QUALIDADE_DE_VIDA
2025-10-01;OUTUBRO;ZP      RAYSSA OL61134 Joao Pessoa   BRA;VESTUARIO;DESPESA;-R$ 108,35 ;Inter;Corrente;QUALIDADE_DE_VIDA
2025-03-01;MARÇO;OAF COMERCIO VAREJISTA JOAO PESSOA   BRA;VESTUARIO;DESPESA;-R$ 103,17 ;Inter;Corrente;QUALIDADE_DE_VIDA
2025-02-01;FEVEREIRO;OAF COMERCIO VAREJISTA JOAO PESSOA   BRA;VESTUARIO;DESPESA;-R$ 103,16 ;Inter;Corrente;QUALIDADE_DE_VIDA
2025-01-01;JANEIRO;OAF COMERCIO VAREJISTA JOAO PESSOA   BRA;VESTUARIO;DESPESA;-R$ 103,16 ;Inter;Corrente;QUALIDADE_DE_VIDA
2025-10-01;OUTUBRO;USE MULTIMARCAS        JOAO PESSOA   BRA;VESTUARIO;DESPESA;-R$ 99,99 ;Inter;Corrente;QUALIDADE_DE_VIDA
2025-02-01;FEVEREIRO;CONSTANCE;VESTUARIO;DESPESA;-R$ 94,99 ;Santander;Corrente;QUALIDADE_DE_VIDA
2025-02-01;FEVEREIRO;CEA MODAS    0675      OAOPESSO      BRA;VESTUARIO;DESPESA;-R$ 93,32 ;Inter;Corrente;QUALIDADE_DE_VIDA
2025-01-01;JANEIRO;CEA MODAS    0675      OAOPESSO      BRA;VESTUARIO;DESPESA;-R$ 93,32 ;Inter;Corrente;QUALIDADE_DE_VIDA
2025-07-01;JULHO;MAGALU       Magalu    FRANCA        BRA;VESTUARIO;DESPESA;-R$ 90,89 ;Inter;Corrente;QUALIDADE_DE_VIDA
2025-02-01;FEVEREIRO;DEFE                   JOAO PESSOA   BRA;VESTUARIO;DESPESA;-R$ 89,25 ;Inter;Corrente;QUALIDADE_DE_VIDA
2025-01-01;JANEIRO;DEFE                   JOAO PESSOA   BRA;VESTUARIO;DESPESA;-R$ 89,25 ;Inter;Corrente;QUALIDADE_DE_VIDA
2025-02-01;FEVEREIRO;AMAZON BR              SAO PAULO     BRA;VESTUARIO;DESPESA;-R$ 85,33 ;Inter;Corrente;QUALIDADE_DE_VIDA
2025-01-01;JANEIRO;AMAZON BR              SAO PAULO     BRA;VESTUARIO;DESPESA;-R$ 85,33 ;Inter;Corrente;QUALIDADE_DE_VIDA
2025-08-01;AGOSTO;RIACHUELO 161 PB JOAO  JOAO PESSOA   BRA;VESTUARIO;DESPESA;-R$ 74,94 ;Inter;Corrente;QUALIDADE_DE_VIDA
2025-07-01;JULHO;RIACHUELO 161 PB JOAO  JOAO PESSOA   BRA;VESTUARIO;DESPESA;-R$ 74,94 ;Inter;Corrente;QUALIDADE_DE_VIDA
2025-04-01;ABRIL;Magalu  MAGAZINELUIZA  FRANCA        BRA;VESTUARIO;DESPESA;-R$ 70,98 ;Inter;Corrente;QUALIDADE_DE_VIDA
2025-02-01;FEVEREIRO;Magalu  MAGAZINELUIZA  FRANCA        BRA;VESTUARIO;DESPESA;-R$ 70,98 ;Inter;Corrente;QUALIDADE_DE_VIDA
2025-01-01;JANEIRO;Magalu  MAGAZINELUIZA  FRANCA        BRA;VESTUARIO;DESPESA;-R$ 70,98 ;Inter;Corrente;QUALIDADE_DE_VIDA
2025-05-01;MAIO;Magalu  MAGAZINELUIZA  FRANCA        BRA;VESTUARIO;DESPESA;-R$ 70,98 ;Inter;Corrente;QUALIDADE_DE_VIDA
2025-03-01;MARÇO;Magalu  MAGAZINELUIZA  FRANCA        BRA;VESTUARIO;DESPESA;-R$ 70,98 ;Inter;Corrente;QUALIDADE_DE_VIDA
2025-03-01;MARÇO;LOJAS LE BISCUIT 1098  JOAO PESSOA   BRA;VESTUARIO;DESPESA;-R$ 69,99 ;Inter;Corrente;QUALIDADE_DE_VIDA
2025-02-01;FEVEREIRO;AMAZON BR              SAO PAULO     BRA;VESTUARIO;DESPESA;-R$ 64,95 ;Inter;Corrente;QUALIDADE_DE_VIDA
2025-01-01;JANEIRO;AMAZON BR              SAO PAULO     BRA;VESTUARIO;DESPESA;-R$ 64,95 ;Inter;Corrente;QUALIDADE_DE_VIDA
2025-02-01;FEVEREIRO;AMAZON MARKETPLACE     SAO PAULO     BRA;VESTUARIO;DESPESA;-R$ 63,95 ;Inter;Corrente;QUALIDADE_DE_VIDA
2025-01-01;JANEIRO;AMAZON MARKETPLACE     SAO PAULO     BRA;VESTUARIO;DESPESA;-R$ 63,95 ;Inter;Corrente;QUALIDADE_DE_VIDA
2025-04-01;ABRIL;LA CAMICERIA MANAIRA;VESTUARIO;DESPESA;-R$ 63,30 ;Santander;Corrente;QUALIDADE_DE_VIDA
2025-02-01;FEVEREIRO;LA CAMICERIA MANAIRA;VESTUARIO;DESPESA;-R$ 63,30 ;Santander;Corrente;QUALIDADE_DE_VIDA
2025-03-01;MARÇO;LA CAMICERIA MANAIRA;VESTUARIO;DESPESA;-R$ 63,30 ;Santander;Corrente;QUALIDADE_DE_VIDA
2025-04-01;ABRIL;TRAKINAGEM             JOAO PESSOA   BRA;VESTUARIO;DESPESA;-R$ 59,90 ;Inter;Corrente;QUALIDADE_DE_VIDA
2025-10-01;OUTUBRO;E COM HERING           BLUMENAU      BRA;VESTUARIO;DESPESA;-R$ 58,82 ;Inter;Corrente;QUALIDADE_DE_VIDA
2025-02-01;FEVEREIRO;AMAZON MARKETPLACE     SAO PAULO     BRA;VESTUARIO;DESPESA;-R$ 57,13 ;Inter;Corrente;QUALIDADE_DE_VIDA
2025-01-01;JANEIRO;AMAZON MARKETPLACE     SAO PAULO     BRA;VESTUARIO;DESPESA;-R$ 57,13 ;Inter;Corrente;QUALIDADE_DE_VIDA
2025-02-01;FEVEREIRO;AMAZON MARKETPLACE     SAO PAULO     BRA;VESTUARIO;DESPESA;-R$ 56,81 ;Inter;Corrente;QUALIDADE_DE_VIDA
2025-01-01;JANEIRO;AMAZON MARKETPLACE     SAO PAULO     BRA;VESTUARIO;DESPESA;-R$ 56,81 ;Inter;Corrente;QUALIDADE_DE_VIDA
2025-03-01;MARÇO;AMAZON MARKETPLACE     SAO PAULO     BRA;VESTUARIO;DESPESA;-R$ 56,81 ;Inter;Corrente;QUALIDADE_DE_VIDA
2025-02-01;FEVEREIRO;VillaVogueManaira      JOAO PESSOA   BRA;VESTUARIO;DESPESA;-R$ 54,97 ;Inter;Corrente;QUALIDADE_DE_VIDA
2025-01-01;JANEIRO;VillaVogueManaira      JOAO PESSOA   BRA;VESTUARIO;DESPESA;-R$ 54,97 ;Inter;Corrente;QUALIDADE_DE_VIDA
2025-02-01;FEVEREIRO;MASTER TRANSFER        JOAO PESSOA   BRA;VESTUARIO;DESPESA;-R$ 52,68 ;Inter;Corrente;QUALIDADE_DE_VIDA
2025-01-01;JANEIRO;MASTER TRANSFER        JOAO PESSOA   BRA;VESTUARIO;DESPESA;-R$ 52,68 ;Inter;Corrente;QUALIDADE_DE_VIDA
2025-03-01;MARÇO;MASTER TRANSFER        JOAO PESSOA   BRA;VESTUARIO;DESPESA;-R$ 52,66 ;Inter;Corrente;QUALIDADE_DE_VIDA
2025-03-01;MARÇO;TIPPO                  JOAO PESSOA   BRA;VESTUARIO;DESPESA;-R$ 49,99 ;Inter;Corrente;QUALIDADE_DE_VIDA
2025-03-01;MARÇO;OAF COMERCIO VAREJISTA JOAO PESSOA   BRA;VESTUARIO;DESPESA;-R$ 49,95 ;Inter;Corrente;QUALIDADE_DE_VIDA
2025-04-01;ABRIL;ARTE MALHAS            JOAO PESSOA   BRA;VESTUARIO;DESPESA;-R$ 48,45 ;Inter;Corrente;QUALIDADE_DE_VIDA
2025-03-01;MARÇO;HiankaAlves            JOAO PESSOA   BRA;VESTUARIO;DESPESA;-R$ 45,00 ;Inter;Corrente;QUALIDADE_DE_VIDA
2025-07-01;JULHO;HAVAIANAS TAMBIA SHOPP JOAO PESSOA   BRA;VESTUARIO;DESPESA;-R$ 44,99 ;Inter;Corrente;QUALIDADE_DE_VIDA
2025-02-01;FEVEREIRO;AREZZO TAMBIA          JOAO PESSOA   BRA;VESTUARIO;DESPESA;-R$ 43,31 ;Inter;Corrente;QUALIDADE_DE_VIDA
2025-01-01;JANEIRO;AREZZO TAMBIA          JOAO PESSOA   BRA;VESTUARIO;DESPESA;-R$ 43,31 ;Inter;Corrente;QUALIDADE_DE_VIDA
2025-02-01;FEVEREIRO;MASTER TRANSFER        JOAO PESSOA   BRA;VESTUARIO;DESPESA;-R$ 43,00 ;Inter;Corrente;QUALIDADE_DE_VIDA
2025-01-01;JANEIRO;MASTER TRANSFER        JOAO PESSOA   BRA;VESTUARIO;DESPESA;-R$ 43,00 ;Inter;Corrente;QUALIDADE_DE_VIDA
2025-10-01;OUTUBRO;FAN                    JOAO PESSOA   BRA;VESTUARIO;DESPESA;-R$ 39,00 ;Inter;Corrente;QUALIDADE_DE_VIDA
2025-03-01;MARÇO;AMAZON BR              SAO PAULO     BRA;VESTUARIO;DESPESA;-R$ 36,40 ;Inter;Corrente;QUALIDADE_DE_VIDA
2025-04-01;ABRIL;AMAZON BR              SAO PAULO     BRA;VESTUARIO;DESPESA;-R$ 36,39 ;Inter;Corrente;QUALIDADE_DE_VIDA
2025-02-01;FEVEREIRO;FLOR DA PELE           JOAO PESSOA   BRA;VESTUARIO;DESPESA;-R$ 34,90 ;Inter;Corrente;QUALIDADE_DE_VIDA
2025-01-01;JANEIRO;FLOR DA PELE           JOAO PESSOA   BRA;VESTUARIO;DESPESA;-R$ 34,90 ;Inter;Corrente;QUALIDADE_DE_VIDA
2025-10-01;OUTUBRO;ModaPequena            JOAO PESSOA   BRA;VESTUARIO;DESPESA;-R$ 29,00 ;Inter;Corrente;QUALIDADE_DE_VIDA
2025-06-01;JUNHO;MP *PORTOBELLAMK;VESTUARIO;DESPESA;-R$ 28,40 ;Santander;Corrente;QUALIDADE_DE_VIDA
2025-05-01;MAIO;MP *PORTOBELLAMK;VESTUARIO;DESPESA;-R$ 28,40 ;Santander;Corrente;QUALIDADE_DE_VIDA
2025-10-01;OUTUBRO;MERCADOLIVRE MERCADOL  SUZANO        BRA;VESTUARIO;DESPESA;-R$ 28,04 ;Inter;Corrente;QUALIDADE_DE_VIDA
2025-08-01;AGOSTO;TamiresCamilaDe        JOAO PESSOA   BRA;VESTUARIO;DESPESA;-R$ 27,00 ;Inter;Corrente;QUALIDADE_DE_VIDA
2025-08-01;AGOSTO;TamiresCamilaDe        JOAO PESSOA   BRA;VESTUARIO;DESPESA;-R$ 27,00 ;Inter;Corrente;QUALIDADE_DE_VIDA
2025-02-01;FEVEREIRO;BV3 VESTUARIOS LTDA;VESTUARIO;DESPESA;-R$ 23,99 ;Santander;Corrente;QUALIDADE_DE_VIDA
2025-03-01;MARÇO;BV3 VESTUARIOS LTDA;VESTUARIO;DESPESA;-R$ 23,99 ;Santander;Corrente;QUALIDADE_DE_VIDA
2025-10-01;OUTUBRO;SUELY ACESSORIOS       SOBRADO       BRA;VESTUARIO;DESPESA;-R$ 16,00 ;Inter;Corrente;QUALIDADE_DE_VIDA
2025-04-01;ABRIL;JoseWilliamGomes       JOAO PESSOA   BRA;VESTUARIO;DESPESA;-R$ 15,00 ;Inter;Corrente;QUALIDADE_DE_VIDA
2025-07-01;JULHO;ElaineAparecidaDa      JOAO PESSOA   BRA;VESTUARIO;DESPESA;-R$ 15,00 ;Inter;Corrente;QUALIDADE_DE_VIDA
2025-08-01;AGOSTO;Closet                 JOAO PESSOA   BRA;VESTUARIO;DESPESA;-R$ 8,00 ;Inter;Corrente;QUALIDADE_DE_VIDA
2025-05-25;NOVEMBRO;LA CAMICERIA MANAIRA;VESTUÁRIO;DESPESA;-R$ 137,97 ;Inter;Corrente;NÃO CLASSIFICADO
2025-09-05;NOVEMBRO;TOP BRASIL             JOAO PESSOA   BRA;VESTUÁRIO;DESPESA;-R$ 72,90 ;Inter;Corrente;NÃO CLASSIFICADO
2025-09-12;NOVEMBRO;E COM HERING           BLUMENAU      BRA;VESTUÁRIO;DESPESA;-R$ 58,82 ;Inter;Corrente;NÃO CLASSIFICADO
2025-10-16;NOVEMBRO;RIACHUELO FILIAL 161   JOAO PESSOA   BRA;VESTUÁRIO;DESPESA;-R$ 39,98 ;Inter;Corrente;NÃO CLASSIFICADO
